time	b-value	Mean square deviation	Magnitude deficit	Elapsed days	Mean magnitude	Rate of square root of energy released	Mean time between characteristic events	Coefficient of variation from mean time	mag
1974-06-30	0.6715593262356	0.025051831303346976	-0.9558710159244992	2317.0	4.883000000000001	288286643.92712694	12.170426264679316	0.9585024318193754	5.3
1974-07-31	0.7434758278311551	0.017936919331923352	-0.651715356769679	1142.0	4.816000000000002	494284237.00941575	12.233329387626267	0.9742526268139328	6.5
1974-08-31	0.8597175599152873	0.01094300274678566	-0.06897756597053739	680.0	4.729000000000003	639609306.0702611	12.395225946054753	1.0025587569773144	5.0
1974-09-30	0.9059318765828236	0.022760527916915987	0.06870490148776652	593.0	4.694000000000004	632797818.1296207	11.537082175925924	0.9737479110033926	5.6
1974-10-31	0.9338489178500302	0.02781517423770336	0.1212321211025067	587.0	4.707000000000003	656833112.2475711	11.21796909041394	0.9623866001281912	5.0
1974-11-30	0.9412591639408684	0.026969050555073325	0.13683479928872178	579.0	4.710000000000004	662508327.9475166	10.770514500349407	0.9348423958064402	4.5
1974-12-31	0.9429755052752772	0.025664263297618697	0.14607064538035264	614.0	4.703000000000004	617534849.3913679	11.211381387174212	0.9450759655351336	6.2
1975-01-31	0.8861964838227291	0.017173856170065487	-0.005024234525714988	596.0	4.741000000000003	716809434.2442727	10.998247813786008	0.9159629689811992	4.8
1975-02-28	0.8841464847442555	0.017010538785806814	-0.006392447964803871	610.0	4.735000000000004	697595091.1018115	11.085971785464707	0.9213389064749044	5.3
1975-03-31	0.8852725938719647	0.01806773294486307	-0.013549542613572108	585.0	4.749000000000003	738542427.8912977	10.863995239343117	0.9256212190136568	5.3
1975-04-30	0.8907352186752238	0.019534259819292875	-0.004453659625315076	586.0	4.757000000000003	740528359.7190517	10.449349494170097	0.9011619541902623	5.5
1975-05-31	0.8825099982645944	0.017690639871519292	-0.024988061581417757	565.0	4.757000000000003	771214544.8423983	9.370448288690474	0.8686144601084679	5.5
1975-06-30	0.8775239499370031	0.014829459764233091	-0.01581269749081926	475.0	4.726000000000003	888200106.0528164	8.745952131376661	0.8160360239461988	5.3
1975-07-31	0.8757259356036244	0.015180236749554168	-0.012876957261319431	427.0	4.717000000000001	970999573.4397297	7.759922348484848	1.0941972182787576	4.8
1975-08-31	0.8771426403732645	0.015590466468354916	-0.012645376947096665	445.0	4.722000000000003	935510123.6304547	7.915785796957673	1.1068930915297963	5.2
1975-09-30	0.8876704713426331	0.014278039561161528	0.016397304159026405	463.0	4.7200000000000015	882938729.9195242	7.736985461338532	1.1316565005702135	4.7
1975-10-31	0.9077511431285606	0.013380289452258885	0.0604914653059847	469.0	4.707000000000002	849853722.0585183	7.991680036717754	1.149854567774804	4.9
1975-11-30	1.041951052905677	0.018688058176607274	0.010847110890457756	458.0	4.678999999999999	739436657.9648306	7.648011853448275	1.0618827900273842	4.8
1975-12-31	1.0213562954325082	0.018702979332199082	0.00776431308062353	468.0	4.665	709015569.8583603	7.746454541826308	1.0817743526554993	4.8
1976-01-31	1.000403126093629	0.013591952489568921	-0.01368106376602718	480.0	4.646	660687452.8712747	8.308821881091617	0.9408499737973132	5.1
1976-02-29	0.9917818255869196	0.013756038930190534	-0.033895143856970116	460.0	4.6469999999999985	696631356.8653438	7.609496734457672	0.9314050126676048	5.0
1976-03-31	1.1036410544870654	0.026190326802143317	-0.5380211309569001	424.0	4.6160000000000005	659400022.9274224	7.580986276455027	0.9087735315766766	5.0
1976-04-30	1.145301838541121	0.02548316783638236	-0.4689846980422558	408.0	4.6019999999999985	664639008.4005817	7.107219582521116	0.8914244507696936	4.6
1976-05-31	1.2572400092845242	0.030236846701236417	-0.3059481986459769	417.0	4.5680000000000005	606281412.0844009	7.224269005847952	0.8865354703577836	4.8
1976-06-30	1.2537822956813751	0.026712009815449828	-0.3010979928189599	410.0	4.552	602984623.4181846	7.447845256813418	0.8962825778028841	4.8
1976-07-31	1.4056487959974542	0.038254942776403525	-0.14156802661638945	431.0	4.532999999999999	547211373.8206494	8.235939058048434	0.8515316263516224	4.8
1976-08-31	1.403746005987334	0.035665321561467365	-0.13788125645545435	458.0	4.522999999999999	507379827.51963776	8.820951851851852	0.8300613968174813	4.6
1976-09-30	1.5032279357525706	0.0554714351834573	-0.2504469459522536	464.0	4.522	486396992.1181885	8.594086538461537	0.8201978885035567	5.1
1976-10-31	1.3846215466715175	0.06773551815943032	-0.4514675873732479	477.0	4.522	475751379.987392	8.777286342592589	0.8065583200094514	5.1
1976-11-30	1.3148868789808184	0.0783725601743406	-0.5357857267041366	432.0	4.55	554685071.9591178	8.408812636165576	0.7511109787831847	6.1
1976-12-31	1.121409292966564	0.037242198500353735	0.1144561239802906	423.0	4.589	663167632.8320693	7.690286512928022	0.7219202096200794	4.9
1977-01-31	1.1237187232603405	0.03719851379591221	0.11637758709453737	429.0	4.592	655174424.5571318	7.823024477023318	0.7409224651880659	5.0
1977-02-28	1.1290599749154575	0.040345114059227735	0.11182363028176123	432.0	4.613	666661357.8953811	7.106719460688759	0.7796806608706431	5.4
1977-03-31	1.076346828723174	0.02997227863853734	0.014670782031150688	425.0	4.632	706714899.5549905	7.282449642625082	0.8023659543517176	5.2
1977-04-30	1.1075875770372852	0.033212551288843616	0.05862720712802805	419.0	4.6530000000000005	732077679.1776277	6.749095871913577	0.759160285615045	5.4
1977-05-31	1.0428330921766564	0.02151729318318632	-0.0683099881695508	420.0	4.679999999999999	768701666.409897	6.9914481324544875	0.7905740339221754	5.3
1977-06-30	1.031831332899621	0.02184776757997992	-0.09893500136187594	425.0	4.696999999999999	778491233.1850291	7.0906053240740725	0.8101386330821799	5.5
1977-07-31	1.0748405909870296	0.03232105717044958	-0.04547131008022287	408.0	4.732999999999999	852628489.5879258	5.833639503761575	0.8279316267646416	5.2
1977-08-31	1.0755634757584172	0.03724269230210203	-0.061559596854410266	366.0	4.765999999999998	989204011.553248	5.274273556644879	0.9251347371523424	4.9
1977-09-30	1.0786646733281475	0.039532421560839616	-0.0632412409098464	388.0	4.780999999999998	947973036.6387104	5.195613095238095	0.9725130850545172	5.1
1977-10-31	1.0865762441645526	0.041912517888932084	-0.05568645216241652	388.0	4.788999999999998	950872150.9477206	5.292507293252156	1.000762065549064	4.7
1977-11-30	1.1680657857882146	0.031218124512547213	0.02096118534082869	373.0	4.778999999999997	969922037.0957823	4.9598762345679015	1.180315006098326	4.9
1977-12-31	1.1676121796488212	0.029485105207884745	0.02640302864749966	389.0	4.770999999999998	918501486.7883023	5.182027777777779	1.1679420867889323	5.3
1978-01-31	1.1072000399686803	0.033929829509822575	0.0036451086843367615	402.0	4.748999999999999	862218265.8655044	5.270791416416416	1.0902616490936357	5.3
1978-02-28	1.251054431473278	0.05398843209198026	-0.4283104306241912	410.0	4.719999999999999	774151118.4241141	5.637464474022633	1.0497035060979585	5.0
1978-03-31	1.2441850451180358	0.05433123747311341	-0.4350359347505517	376.0	4.714	842240353.5363027	5.1814991640946495	1.0001206737824448	4.4
1978-04-30	1.297896298134603	0.05511579252583018	-0.3627228779328551	402.0	4.689999999999999	757625737.2381136	5.0001848544973555	0.9799534053703202	5.9
1978-05-31	1.1553432551747602	0.02894205547235805	-0.08648823908836079	405.0	4.652999999999999	751326373.7395887	6.124428891782408	0.8368052924394741	4.7
1978-06-30	1.1762620311899619	0.023558084940748243	-0.026070507290754108	408.0	4.604999999999999	683802183.2430416	6.285956790123457	0.8467451676437113	4.7
1978-07-31	1.1984935653853916	0.022473586030976697	0.02370756436325028	397.0	4.575999999999999	669984829.2179781	6.309902663934428	0.8401001673759657	5.0
1978-08-31	1.2063301244643487	0.025585793180250067	0.05090814362989615	402.0	4.552999999999998	629291948.7752035	6.787204959196485	0.8987863917480149	5.2
1978-09-30	1.1737531663796168	0.014352787242120456	0.03635642270576689	373.0	4.508999999999999	641975777.2809477	7.274080428467682	0.9265472729033406	4.9
1978-10-31	1.1698946889533115	0.01370554849047817	0.03574097780074404	387.0	4.501999999999999	613929116.5393252	7.555527314814813	0.941162376368482	5.6
1978-11-30	1.1357648496817874	0.008646094609505259	-0.011893787801287026	398.0	4.499999999999999	610048345.5873348	8.060745464852609	0.9662544285625466	5.0
1978-12-31	1.1244114999025672	0.010670653553319991	-0.039647021983354236	409.0	4.507999999999999	608053059.2847278	8.215237268518518	0.9787036728718432	4.9
1979-01-31	1.123293084612498	0.011689463221859044	-0.04453911660848231	409.0	4.510999999999998	612323477.9089301	8.632317769897556	0.9842059860889988	4.8
1979-02-28	1.135959859302406	0.011990974907196285	-0.01200502128664116	375.0	4.493999999999999	634936354.704293	7.753584587191359	0.9705752717615914	5.2
1979-03-31	1.1233784637385584	0.007957336052239873	-0.026016501727041508	378.0	4.488999999999998	627608300.1202838	8.432893255471383	1.0262981329560503	4.9
1979-04-30	1.1249302509714014	0.006697681992863525	-0.01408274648606156	398.0	4.478999999999998	585855176.2814081	8.399150407848325	1.4648690795629156	5.1
1979-05-31	1.2883093206534126	0.017486131425150837	-0.1319608839608568	372.0	4.492999999999999	599245799.7517233	8.004250201288245	1.3612797972851778	4.7
1979-06-30	1.3025583035341275	0.017038697730313784	-0.11745911692399247	388.0	4.496999999999999	574147480.7413293	7.9950849586288415	1.3675763188109746	5.7
1979-07-31	1.2211727984790757	0.013720027922641834	-0.12129191785914628	408.0	4.520999999999999	594304474.0157124	8.056756491545897	1.3666420750117818	4.9
1979-08-31	1.221090634733954	0.01367000768989275	-0.123806230779671	423.0	4.524	575474007.9131182	9.12304218106996	0.9528126424552272	6.1
1979-09-30	1.0592888984871478	0.009606252115006129	0.052420403549864325	415.0	4.5470000000000015	665457556.0229907	9.320996685606065	0.9538314755004368	5.3
1979-10-31	1.0527778070266025	0.0070458714551166705	0.04634838335339442	420.0	4.543000000000002	652932405.7501392	9.016183574879227	0.933098715229602	4.8
1979-11-30	1.0682657675201803	0.0101924824031236	0.06656650011102627	424.0	4.556000000000001	651076296.2333668	8.42280486111111	0.8665264567963258	4.7
1979-12-31	1.0687295198809337	0.009971759294173757	0.06779330508077219	436.0	4.556000000000001	632349838.6333476	8.377644907407408	0.866493994224014	5.0
1980-01-31	1.0947727329240728	0.015598591144215763	0.10829990368919427	421.0	4.559000000000001	641013475.226876	7.905799972766883	0.8409599096396071	4.9
1980-02-29	1.0973656830994578	0.016017409494595267	0.12125629391207406	429.0	4.551000000000001	619966594.5697428	8.3458110929557	0.8657447244198966	5.0
1980-03-31	1.1038289790029423	0.01681785070085761	0.12589068385035065	417.0	4.562	642986267.750955	7.561283249158249	0.8236491715740691	5.2
1980-04-30	1.1063792795259175	0.016599404539707506	0.12788072501606162	415.0	4.566000000000002	647272493.3671049	7.475479466735253	0.8016152290287434	5.3
1980-05-31	1.0877229716122916	0.012779703678928358	0.07901447655857474	421.0	4.586000000000001	661415708.0648339	7.442996212121211	0.7958782499546957	4.9
1980-06-30	1.0866115773735032	0.013080644372151827	0.08953202283056605	407.0	4.57	670868222.4193157	7.286987794612794	0.7818215772359184	4.8
1980-07-31	1.082769921803206	0.011502440204582685	0.09127629647282907	425.0	4.559	633632396.5938013	7.829200515373863	0.8269645068395772	5.1
1980-08-31	1.0995096866486145	0.014280333439169934	0.11929420094014632	404.0	4.559	661905327.2659973	6.629802812071331	1.0688442119385448	5.0
1980-09-30	1.1306051563647268	0.02280307223389853	0.16951170568952098	405.0	4.553000000000001	634878356.9231839	7.2172013888888875	0.9581378369651512	5.4
1980-10-31	1.141437776285813	0.022203013089157647	0.1717817906129442	428.0	4.566	621183158.5939893	7.472597643097643	0.9902006979530864	4.8
1980-11-30	1.1389466052753057	0.02161768696440416	0.17273216969152205	442.0	4.559	596891182.3340888	8.002730409807954	0.9302400693103589	4.8
1980-12-31	1.152493173588586	0.02351116828902703	0.18982033073259966	469.0	4.5680000000000005	563733490.7167406	8.043141447368424	0.9550191910433798	4.5
1981-01-31	1.3992338606270918	0.031408795958162865	-0.25184362487663403	491.0	4.550999999999998	481078059.20285183	8.318008860153256	0.9665101727486975	5.5
1981-02-28	1.346517934499024	0.02535440299526546	-0.21246712611912333	505.0	4.566999999999998	487979287.14233536	8.436087364303956	0.9712368809068028	5.9
1981-03-31	1.218569509907145	0.015678635405344227	0.04830993632903535	493.0	4.583999999999999	537019547.0191473	8.454398746807152	1.0049926442334054	4.9
1981-04-30	1.2173699389261072	0.017368513141548046	0.04120552808666922	486.0	4.589999999999998	551788836.127725	8.173202227011494	0.9746958220945112	5.2
1981-05-31	1.207713517661118	0.0169218691523323	0.024315835423402987	476.0	4.594999999999996	569919294.0033847	8.11214607699805	0.9855260829963688	6.3
1981-06-30	1.0185575892308238	0.01484260677456222	0.17442246367774938	477.0	4.600999999999997	642405852.1121932	8.494959175084176	0.9985014662494852	4.8
1981-07-31	1.0186057811127638	0.014762841500724325	0.17590734008566855	482.0	4.599999999999998	634366313.6984402	8.763223274410777	1.0445130254967976	5.3
1981-08-31	1.0117233442607612	0.013507588999847069	0.15006019664399606	517.0	4.611999999999998	605288216.9189576	9.444703789437588	1.0891287957307765	4.7
1981-09-30	1.0120124017052017	0.014259778494628087	0.16340591906843205	524.0	4.597999999999999	586024210.911979	9.289478324915825	1.0731209487033009	6.2
1981-10-31	0.929647640001434	0.01619451896807791	0.0055291171512568136	498.0	4.622999999999998	684867697.7333579	8.889902860449736	1.0428882908977914	4.4
1981-11-30	0.9281329080766866	0.01581369228496095	0.0047917956663017245	519.0	4.618999999999999	655004645.0615526	8.969475168350169	1.0451666681319245	5.1
1981-12-31	0.9345960931955308	0.016348478462014027	-0.002493955765391576	536.0	4.643	651579019.8743953	9.015343231162198	0.9382528178796308	4.7
1982-01-31	0.9338288609763052	0.01671541426737331	0.0038585180536818697	521.0	4.635999999999999	663410210.0032821	8.239676710608915	0.9390605907921598	4.7
1982-02-28	0.9327997047990474	0.01683196764994174	0.007642199771447089	515.0	4.6309999999999985	666031356.1999207	8.851869612068965	0.8918060487375093	5.4
1982-03-31	0.938285497484069	0.01808008414557349	0.009150025896900615	498.0	4.646	697876467.4906943	8.167183894960536	0.9149959182981936	5.5
1982-04-30	0.9240646938617879	0.013181361763114016	-0.035868680331603287	517.0	4.656000000000001	689074214.6472898	8.123733217592592	0.9031647272690896	4.8
1982-05-31	0.9239898328625408	0.013295787719469036	-0.03628942868712315	493.0	4.656000000000001	723079751.0864732	8.009655916509729	0.814089819708234	4.7
1982-06-30	0.9241504323507298	0.0131566748484497	-0.035153357792901296	502.0	4.656000000000001	709086293.5261767	8.234254629629627	0.8430786021813228	4.7
1982-07-31	0.9361542535950926	0.01753532046337031	0.008697811516038101	509.0	4.64	679094332.079659	8.548487523540489	0.8370100627726131	5.2
1982-08-31	0.9309091969369012	0.014807638182360812	-0.009386957189606806	523.0	4.640999999999999	667168684.3953497	8.683804418453539	0.8388983727752056	4.8
1982-09-30	0.9619989618791284	0.02129100448350577	0.07583626369906415	528.0	4.614000000000001	616579568.367051	9.346027199074074	0.8315468890888982	5.4
1982-10-31	0.9522792041674693	0.018107641922542345	0.036987067068603	527.0	4.6320000000000014	636807067.0666388	9.24676778752437	0.8222629207099255	4.9
1982-11-30	1.0862201456510845	0.01917161859745953	0.1725084348008874	483.0	4.600000000000001	599171266.3308825	8.263299231150794	0.7517462834501321	4.8
1982-12-31	1.0861166272274774	0.021655420168583163	0.1788818225388571	470.0	4.592000000000001	605052852.6633066	8.391304770171956	0.7641850431961081	6.6
1983-01-31	0.9613704660692884	0.04094032138295935	0.3907824730489082	468.0	4.613	693144093.2153363	7.946092082548651	0.7375907486896425	5.0
1983-02-28	0.9662042928748299	0.04284342354413217	0.3971203744157625	496.0	4.62	656914605.4533327	8.093625721007893	0.7656978153396017	5.3
1983-03-31	0.9714821028702362	0.03851665598858521	0.4016192282189275	496.0	4.627000000000002	667384946.3456802	7.709773533950616	0.7945625297528465	5.2
1983-04-30	0.9591943705835292	0.03776603449481501	0.38312515672314174	468.0	4.611000000000001	695708243.7850275	8.327206721230159	0.8196004998061388	5.2
1983-05-31	0.9688245390327732	0.055969495828767986	0.4214939571237135	406.0	4.598000000000002	772476923.0345129	6.622826069604088	0.8730267205659156	5.1
1983-06-30	0.9722842429594838	0.051698077761569504	0.427030761321408	376.0	4.602000000000001	842869248.0111859	6.559507068452381	0.8662099567810335	4.8
1983-07-31	0.9801738064229208	0.05530681411912223	0.4516493963584569	358.0	4.596000000000002	874852687.7111849	5.634690393518517	1.0725058725235168	4.9
1983-08-31	0.9953200205926946	0.06345631347662002	0.4779771379014814	356.0	4.609000000000002	885274033.822383	5.779417880995749	1.0492091169593227	4.8
1983-09-30	0.9955161825830344	0.062127364117186626	0.4815427856398306	359.0	4.606000000000002	872537969.9598504	5.8299246736490575	1.041038515038042	6.2
1983-10-31	0.9015607818622768	0.051465632433000716	0.2895276094012233	363.0	4.620000000000002	942037364.8754961	5.86208632019116	0.9851828938052066	5.6
1983-11-30	0.9046440364456388	0.03805202812010644	0.28065707420298835	368.0	4.629000000000002	957707898.1411877	5.982835078931391	0.9835167578212632	5.2
1983-12-31	0.8991305739903038	0.030458876471202444	0.2501077999367718	381.0	4.637000000000003	940241264.2601092	5.899040528876334	0.9604719640133644	7.4
1984-01-31	0.7244306408453918	0.04183197584499073	0.6323184722489623	352.0	4.651000000000003	1655735767.8273695	6.0835696881091605	0.7902595384157451	6.1
1984-02-29	0.7264274310401139	0.03520003123997691	0.5909545830811718	301.0	4.698000000000004	2064254560.9094644	5.026237654320988	0.7094467916028019	6.4
1984-03-31	0.7007880556670784	0.027026394235962644	0.4875463402972819	321.0	4.714000000000002	2079082840.4194512	5.267715733151187	0.7430133560985723	5.8
1984-04-30	0.701686470586687	0.01795482927757556	0.4578266558222817	319.0	4.735000000000002	2160703487.842505	5.325702932098765	0.7465693862315868	5.5
1984-05-31	0.7018364587003045	0.01252826749903741	0.4354641135054438	310.0	4.749000000000001	2273012770.4640484	5.16177806712963	0.7224508928793679	4.8
1984-06-30	0.6959249326190327	0.011169264329683735	0.4302911306487172	293.0	4.727000000000001	2380644652.1250024	5.415889388162673	0.7289229829329184	5.1
1984-07-31	0.7133811281293588	0.017212373338357127	0.4955071634585258	279.0	4.7280000000000015	2408951519.7491717	5.303530760327637	0.7608131405355024	5.6
1984-08-31	0.7055138574179582	0.013728541820451001	0.4363544037721265	303.0	4.749000000000001	2284662379.0842853	5.943242102396513	0.8141838742095284	5.8
1984-09-30	0.6964048690006811	0.010848050283833156	0.39009589272384826	324.0	4.7570000000000014	2178644442.0712686	6.2984245086923645	0.8275905015921905	5.0
1984-10-31	0.7104773029593262	0.01381755125705044	0.44161806354474464	292.0	4.7470000000000026	2359213918.095777	5.328862740054871	0.9562065312886558	4.8
1984-11-30	0.9174056563209064	0.005097652997073078	-0.03327092841780743	303.0	4.705000000000002	1309312965.7539787	5.519314183501684	1.0180457187146184	5.2
1984-12-31	0.9148605623595564	0.004544185436424794	-0.027542194078769452	309.0	4.697000000000002	1275639005.9366744	5.723354981138545	1.0469534297015348	5.1
1985-01-31	1.0360361567691605	0.005569629455949956	-0.3757185660784321	314.0	4.639000000000001	982765117.7185264	5.8145344164919655	1.0683928778501512	4.8
1985-02-28	1.0521361420192556	0.007890191627261983	-0.3409198683277861	314.0	4.631000000000002	961666248.39946	5.502554754273504	1.05806273218686	5.1
1985-03-31	1.2023882221175486	0.012638970247726313	-0.12321692336067792	309.0	4.608000000000001	898917653.6921812	5.627962089447938	1.0410957199392032	4.8
1985-04-30	1.2511613725605684	0.01708741340706666	-0.05455192564177125	319.0	4.600000000000001	841251109.8043883	5.54378817413905	1.0454901728352353	5.6
1985-05-31	1.1959948807950176	0.02042436811106793	-0.07429543994572985	299.0	4.585000000000002	876561934.9804705	4.993694972384665	1.0550368378648576	5.2
1985-06-30	1.3612316739118933	0.023408315276600488	-0.08344031742455549	264.0	4.552000000000001	889918818.7288252	4.716678447420637	1.0490227446846294	4.8
1985-07-31	1.3722673257862097	0.023441796475276867	-0.05899562421654725	272.0	4.532000000000002	832258118.5904406	4.925832475994512	1.0200398420630947	7.4
1985-08-31	0.7122443657547359	0.07692754627714507	0.6835124228411233	210.0	4.567000000000002	2437464225.3282013	3.9151310986467234	0.7841137560478776	6.4
1985-09-30	0.6948462581225753	0.041859198014743436	0.5324200706457116	132.0	4.623000000000002	4369054947.148268	2.420868912894376	0.6193048734602324	5.2
1985-10-31	0.6733804343754964	0.04113330851690697	0.4402893946635329	81.0	4.622999999999998	7029483816.8525505	1.388644781144781	0.7994789014501315	5.4
1985-11-30	1.0215706209312825	0.03734355131333094	0.2820742984069469	90.0	4.606999999999998	3286053658.5498924	1.5556313856960409	0.8556140318142674	5.0
1985-12-31	1.0285782098424334	0.039318728573541885	0.30225130470910955	121.0	4.599999999999998	2416637814.156279	1.9934274438372803	0.9326942552608596	4.9
1986-01-31	1.4297141277286998	0.03763540034085859	-0.2344726777455461	144.0	4.570999999999999	1659134357.7974827	2.3420839025500912	1.1020695530473563	5.5
1986-02-28	1.3732022443049663	0.0283363162129911	-0.1909669564173413	175.0	4.573999999999999	1405740091.5933812	2.9147430163214048	0.8772701126878938	5.0
1986-03-31	1.4119483107173931	0.036468207450029835	-0.15457405478568642	185.0	4.576999999999997	1332838602.435154	2.961198850059737	0.8993200738056285	5.5
1986-04-30	1.2380380605034238	0.023128464560949642	-0.3306530201322433	201.0	4.576999999999997	1244925478.9276698	3.1630324074074068	0.961377771915072	5.9
1986-05-31	1.1599750037828938	0.018974619091053583	-0.022050298998744108	213.0	4.575999999999998	1239724497.3542244	3.4976938657407417	0.9665888499154622	5.6
1986-06-30	1.1485385019468235	0.019184873528556873	-0.040513877586013436	200.0	4.5779999999999985	1342231256.13915	3.3837074309478967	0.9533013242809358	4.9
1986-07-31	1.1535505219502546	0.020645813643884826	-0.03598544858110664	208.0	4.584	1297175178.1820676	3.4357270447530865	0.9234391506237262	5.6
1986-08-31	1.097762060345254	0.015843538307291846	-0.10547834395707943	233.0	4.575	1166191969.3028624	4.033109912367725	0.9008477907122032	5.4
1986-09-30	1.0740385600365598	0.012959063717094604	-0.15897619748638725	255.0	4.591000000000001	1109853562.2139726	4.53868287037037	0.8021703247352453	5.6
1986-10-31	0.9974406118959084	0.016992523856907273	-0.3109371067786464	258.0	4.625000000000001	1196042215.4295313	4.2388589203042315	0.8113696128240033	5.5
1986-11-30	0.9996499323690478	0.01725569228473984	-0.3080721940438771	258.0	4.628000000000001	1197930048.3818765	4.4976945256660175	0.8310883711664983	5.2
1986-12-31	1.0005633100186149	0.015998417201652022	-0.31041313955727823	290.0	4.634000000000001	1079551285.9193304	5.122455977182541	0.8508072489540561	5.5
1987-01-31	0.975920576838976	0.016446903389916192	-0.3456067250436057	296.0	4.620000000000002	1056085094.554642	5.507717723619846	0.8753765981745746	4.8
1987-02-28	0.9969387529668544	0.015670764989069164	-0.3030236050069348	318.0	4.616000000000001	963290279.6951145	5.778394991582491	0.9168632090277494	4.9
1987-03-31	0.9966974895515824	0.0159219524224566	-0.3047803558413911	343.0	4.617000000000002	895398663.9316338	6.055079518175583	0.927319635518418	4.8
1987-04-30	1.0057275578165876	0.01810615609022449	-0.2922218835044559	358.0	4.627000000000002	863232783.6395161	6.101413433908046	0.9582691118707208	5.6
1987-05-31	0.97724184736902	0.02030475663439157	-0.3608655380783645	366.0	4.650000000000004	884583837.718222	6.3302700617283945	0.9604134424010502	6.2
1987-06-30	0.9502551556120232	0.01050971504357164	-0.09116209230078276	380.0	4.632000000000004	852633004.9411532	6.682121362433863	1.0001151042942271	5.1
1987-07-31	0.94752458672244	0.00963047233831584	-0.10216098161510256	403.0	4.636000000000005	810784682.5113466	7.274576178451178	1.0762540176419204	5.0
1987-08-31	0.941618839507588	0.008701737693369144	-0.10095942828956607	386.0	4.618000000000006	830674972.618027	7.201737891737893	1.1002183826319056	4.9
1987-09-30	0.9762884668726264	0.010942470866584291	-0.02370417722982765	375.0	4.610000000000006	828607382.5626342	6.602038277116401	1.182443152903398	4.9
1987-10-31	0.9860799933291946	0.01281074561850563	0.007500065205626072	393.0	4.5960000000000045	769096044.1373787	6.983792162698412	1.2413210742053438	6.1
1987-11-30	0.9853745678370158	0.02223038652869123	0.04079594105218565	381.0	4.576000000000004	785664586.2202299	6.3899730639730645	1.2875381743651124	4.9
1987-12-31	0.9767459203841022	0.02301140861447093	0.027102394076852217	363.0	4.569000000000004	810403052.1264706	6.352439856150792	1.3311309776143114	4.8
1988-01-31	0.9733071166629824	0.03145280201116302	0.040117251140658894	369.0	4.550000000000004	766095047.7630746	6.589401577503429	1.291869761115323	4.9
1988-02-29	0.9743988315166031	0.03128848497914172	0.031560028493615284	338.0	4.559000000000003	847368820.6995916	5.892304082491582	1.205754518491614	5.0
1988-03-31	0.973965456683624	0.02922545269989569	0.023665188432574702	344.0	4.564000000000002	838722528.0175983	6.163485058922559	1.1817399752407958	5.5
1988-04-30	1.1415770003870458	0.036749377897540465	0.19927075641316705	327.0	4.534000000000002	761608877.3363812	5.8634726430976425	1.2064742055980342	4.8
1988-05-31	1.115800786050312	0.03323699014972797	0.15757296974011847	299.0	4.53	821824586.243475	5.260152988215488	1.129899931416727	4.7
1988-06-30	1.1179455146778303	0.03310850044118868	0.16117103735648095	300.0	4.531000000000001	818431332.2931137	5.276291829109813	1.1259681786074116	5.4
1988-07-31	1.121417775651654	0.020800644392247315	0.16410652795753575	308.0	4.528999999999999	810039026.3837283	5.504357853223595	1.0903391895730326	5.5
1988-08-31	1.2269108750635511	0.015706668039183108	-0.3067051379229975	301.0	4.515999999999999	755288852.8383688	5.687216762753319	1.1231427978944906	6.3
1988-09-30	1.018100430496943	0.017927582235553956	0.20995141705917494	304.0	4.547999999999999	920484625.9310263	5.940909812999273	1.0694703684992648	5.9
1988-10-31	0.9521891043739374	0.00967607085657832	0.03543870191582599	284.0	4.603999999999999	1149448796.5321393	5.276105433263452	1.024576747300577	5.3
1988-11-30	0.9385550218913732	0.007288244467268417	0.017860945321130473	282.0	4.588	1146703276.146182	5.798069058641975	1.0819083891305477	4.8
1988-12-31	0.9387651646515359	0.007558589078297852	0.02272679447062753	284.0	4.586000000000001	1131897946.4139686	5.771384400982615	1.1265196076894362	4.8
1989-01-31	0.9391185038445042	0.008191278779723716	0.02715339692299068	288.0	4.584000000000001	1111089553.5374188	5.765669849537038	1.008415022249119	4.7
1989-02-28	0.9505087939216896	0.007919125841622614	0.06524607764019752	304.0	4.5710000000000015	1019439565.7119867	6.270575810185185	1.079798870757573	4.8
1989-03-31	0.9511176812526192	0.008144288072846183	0.06341360315294686	319.0	4.573000000000001	975718950.8223232	6.417747636959875	1.0196035338847418	4.7
1989-04-30	0.9498527739712136	0.008491648697176807	0.06434640938442726	324.0	4.570000000000002	957348322.5300883	6.48600162037037	1.0650176679598504	4.9
1989-05-31	0.9425320416308102	0.0067125056347269564	0.05262890936325082	328.0	4.556000000000002	931285234.0465556	6.908221286446022	1.074413134480679	4.8
1989-06-30	0.9679870067429599	0.009219121422129549	0.1189429422611541	306.0	4.544000000000001	954829533.5556898	6.095893856095679	0.9808865921816692	4.9
1989-07-31	1.1666150615588189	0.0126961086721386	0.03211652784279462	321.0	4.511000000000003	747644897.9057821	6.291616512345677	1.0210738520222906	6.0
1989-08-31	1.0405926435960602	0.011926543541302972	-0.05165450911584557	331.0	4.522000000000003	785260487.5430533	6.441899282861291	1.0128615006012007	4.8
1989-09-30	1.193334566698068	0.04377862650009071	0.20990274236756254	332.0	4.475000000000004	649613080.727008	6.265777688746438	0.991759984913667	5.0
1989-10-31	1.2273604696582068	0.04922810907243036	0.24973767160542426	338.0	4.491000000000003	656038934.0134621	5.856283459595961	0.9495059768122558	4.6
1989-11-30	1.2387505962147494	0.0737073567011936	0.2519150590808108	347.0	4.4870000000000045	625004503.9424088	5.977732101521164	0.9204309594683648	4.8
1989-12-31	1.2376356817699043	0.07251332183763398	0.2591836709226847	338.0	4.4790000000000045	633627772.9999037	5.9082880892255885	0.9781369952932925	5.0
1990-01-31	1.2106061172672078	0.048018749155588514	0.1896732019224512	341.0	4.506000000000004	656837453.3103244	5.577590505464481	0.9704546764972058	4.8
1990-02-28	1.209513373503479	0.047673226262534216	0.1878794801705572	340.0	4.506000000000004	659003294.876352	5.4314205752884055	1.0158987847162462	6.3
1990-03-31	0.9453907237480144	0.029838009911544193	0.09667519416103333	332.0	4.526000000000004	803785655.833586	5.319130178907722	1.0413570657498723	6.3
1990-04-30	0.7946237253931858	0.016461325790288257	-0.27654203043436265	268.0	4.607000000000004	1401874342.4356365	4.51744255829904	0.9985841866659704	5.4
1990-05-31	0.8246070741346009	0.014918016284729663	-0.21473105450115249	253.0	4.610000000000004	1443364902.9804306	4.5034945286195285	1.0063979205084468	6.0
1990-06-30	0.7642774407917492	0.006760497703854782	-0.3793376191549251	169.0	4.600000000000003	2312935078.8688264	3.569275512214342	0.9685530436109671	4.9
1990-07-31	0.8537829365837543	0.006395274915057228	-0.13068312996901546	144.0	4.566000000000003	2393409611.1678963	3.278590067340068	0.8676602944362873	6.4
1990-08-31	0.8342875922442424	0.0062268706971534225	-0.06979712999002086	146.0	4.560000000000001	2394901695.36369	3.1252383708112883	0.8903162955199673	4.8
1990-09-30	0.8308842672040802	0.008427217346823616	-0.05567936147870167	167.0	4.535000000000002	2014942454.50769	3.740427965167549	0.710297018057933	5.3
1990-10-31	0.91139758033862	0.010577693836223057	0.1603560177754808	189.0	4.504000000000002	1540317584.7583365	4.479945712081129	0.8296762914350099	5.8
1990-11-30	0.8890723527018526	0.009316295393863704	0.09830498378538888	209.0	4.521000000000002	1468480203.1175516	4.714412144702843	0.8397535450836024	5.3
1990-12-31	0.8962954394707093	0.006432167073612045	0.10382573110125914	215.0	4.529000000000002	1446689881.7314453	5.162060467479675	0.8984700871439892	5.6
1991-01-31	0.8906363737352668	0.0038818672601255546	0.06337235223385296	228.0	4.552000000000003	1429914172.770549	5.187134743755384	0.9242397146133056	6.9
1991-02-28	0.7819283530459121	0.020135019397252273	0.3413245643816847	255.0	4.568000000000001	1621443154.8683038	5.34705993892829	0.9665827912164374	5.5
1991-03-31	0.7838434577827251	0.015451240872040525	0.3321971044787535	258.0	4.578000000000002	1634753545.9142373	5.582507548309178	1.0547003860878363	5.2
1991-04-30	0.7814286555604684	0.013853773057185144	0.3200125518593868	272.0	4.577000000000003	1558829543.1578386	6.238594692075795	1.095161655435517	5.4
1991-05-31	0.8390555261950681	0.02091015512350831	0.4694409447480963	282.0	4.561000000000003	1353067928.2909312	6.274677083333334	1.2527828124185219	4.8
1991-06-30	0.8423264540635645	0.022041056221997028	0.4882946963885324	264.0	4.554000000000003	1427154832.9548244	6.070763042005421	1.2758270614706508	4.8
1991-07-31	0.8517512149105432	0.0336993363581075	0.5490164988226036	242.0	4.529000000000002	1466890042.0116932	5.7562488977072315	1.2669738987514314	6.7
1991-08-31	0.7297862013368636	0.03064659617137842	0.2582577587156294	254.0	4.519000000000003	1664688797.718758	5.978160548941799	1.2568822621453146	5.3
1991-09-30	0.7418334069854188	0.030831382109847188	0.2741785054650361	269.0	4.543000000000003	1610104557.4559164	5.906611689814816	1.183309580112684	5.0
1991-10-31	0.7417443489541194	0.039822013115528285	0.2773858721680762	265.0	4.544000000000001	1612128017.1437435	5.6048226147343	1.2219257263614869	5.1
1991-11-30	0.7445784429383172	0.03897921683044863	0.2696863001405561	277.0	4.556000000000002	1559178915.4938922	6.037192644032923	1.1814191748868534	4.9
1991-12-31	0.9177661878743592	0.03620573630966693	0.4743155470543732	278.0	4.5310000000000015	1131592652.460108	6.2964249263468	1.1805718339091733	4.8
1992-01-31	0.9080634489467608	0.045571698544694166	0.470929291148841	305.0	4.516000000000002	1002114039.5380776	6.628560442386832	1.1797361431319675	5.5
1992-02-29	0.9195547540349958	0.038138153312063286	0.4915551423252546	303.0	4.519000000000002	1023299244.525808	6.331460390946504	1.1713096584292841	4.7
1992-03-31	0.9213366191298388	0.0500897396815009	0.5218735675752706	316.0	4.502000000000002	944612757.0182363	6.680131944444443	1.084929718247705	4.9
1992-04-30	0.9145540936693785	0.05763939667753463	0.5186685215340168	314.0	4.492000000000001	929577202.8587924	6.639996225845411	1.0766225778902991	4.8
1992-05-31	0.9123123768877838	0.05588612633229127	0.5216290050101113	330.0	4.485	876322101.2503406	7.451277723944875	1.158791509079884	5.8
1992-06-30	1.2421959747423992	0.014725274598700912	0.04281534652931551	312.0	4.476	717299920.4356115	7.020327304048236	1.0716440491051864	4.7
1992-07-31	1.2444563065492216	0.018022129415690417	0.07048286050040797	300.0	4.448	705631507.3591504	7.198749710648148	1.0940290834308033	4.7
1992-08-31	1.2515869967543105	0.019573225190042485	0.0897568576219987	312.0	4.438	666251487.0822716	7.92028400997151	1.0544679500952796	5.2
1992-09-30	1.257977024648944	0.01633558210002627	0.09620564563469536	309.0	4.439	678942165.0325081	7.834109983380816	1.0346027349373057	5.0
1992-10-31	1.2518334249783385	0.019925330465079282	0.0987813925183474	321.0	4.4289999999999985	638963529.9403228	7.590633391203704	1.0319628278489157	5.1
1992-11-30	1.262007918889875	0.01745173885100483	0.09311982612295644	308.0	4.448999999999999	690936014.8192798	7.31624145723104	1.0501434768775946	5.6
1992-12-31	1.0977884709994843	0.008713290196075302	-0.13467116508010954	313.0	4.475	759644751.7086903	7.445130497685187	1.0091673498946825	5.8
1993-01-31	0.9737284503677484	0.004766911975304003	-0.3652877838381405	320.0	4.521	838053599.1512716	6.87672561369509	1.0044648845237227	5.2
1993-02-28	0.9730580182773712	0.0043101880241619255	-0.3820082921984405	321.0	4.536999999999999	856508201.8829551	7.069473508230454	1.001819906458212	5.0
1993-03-31	0.9715466239119348	0.0042857907695225215	-0.3912491360839194	317.0	4.542000000000002	877100884.6740215	6.48653590425532	0.970840065780682	5.1
1993-04-30	1.0803729506682729	0.00890353871205053	-0.22112110048813086	324.0	4.540000000000001	822446176.0899388	6.712845712560386	1.0231469245957705	4.9
1993-05-31	1.086211258376355	0.009515652715701366	-0.22071502425084602	311.0	4.5520000000000005	868614821.5877018	6.558416814420802	0.988289864085812	4.8
1993-06-30	1.096191600042856	0.00898320778044705	-0.2012273509842286	282.0	4.551000000000001	945784410.6086867	5.625457530234315	1.0939958058636885	5.2
1993-07-31	1.084218171824727	0.008570614243397534	-0.21825984564723025	267.0	4.548000000000003	1001407531.0758516	5.582349788647342	1.0498265118893777	5.7
1993-08-31	1.044999862983828	0.010313806174815966	-0.2747487476822155	269.0	4.544000000000001	1019220348.7577296	5.882080504115226	1.065319376322296	7.0
1993-09-30	0.7588331968847606	0.01785256040195202	0.3790071149989984	263.0	4.567000000000002	1668121223.0249026	5.694839472624798	1.1212443344930878	6.3
1993-10-31	0.7126833447048238	0.015952716962691734	0.22005945939927685	297.0	4.583000000000002	1613733324.1505125	6.1031557821119	0.8642645101494408	4.9
1993-11-30	0.7060631526967166	0.01774541033377362	0.2036789691573695	301.0	4.572000000000002	1568510098.9812016	6.174824418833728	0.9105209336633712	5.1
1993-12-31	0.7048236817593987	0.01956017482165013	0.2086046321476731	306.0	4.565000000000003	1535081030.095098	6.69883230452675	0.9502195930873948	5.0
1994-01-31	0.7041662084091761	0.0204701607145932	0.21152354734643894	309.0	4.563000000000003	1516036589.4944248	6.9235919086700335	0.9860598437095758	5.1
1994-02-28	0.7122958096718854	0.018799075133229568	0.2029290841237668	314.0	4.587000000000005	1524134415.9058492	6.352060667438271	0.9024241945289608	4.8
1994-03-31	0.7122249712261866	0.0210920724442334	0.21014109832026584	334.0	4.585000000000004	1427505125.333454	6.763626228269085	0.9283105581269644	4.8
1994-04-30	0.7133576654990071	0.02096150223223445	0.2105935937517165	352.0	4.5880000000000045	1356710477.9388072	6.742128665123457	0.9309379451449991	5.0
1994-05-31	0.713190020662428	0.019535005527278076	0.2052298404381503	372.0	4.5880000000000045	1287174747.039602	7.489446132330247	0.9141819996848628	5.1
1994-06-30	0.7132468151973491	0.018219401241243174	0.202943417583044	390.0	4.590000000000004	1228615722.5228665	8.23481358353034	0.9631919596314376	6.3
1994-07-31	0.7001766713629698	0.011322891079276346	0.10724883610517376	394.0	4.637000000000003	1362069858.1756616	8.170670038244767	0.9361231800059392	5.3
1994-08-31	0.7046107386395595	0.011484105202938364	0.12379903120351265	400.0	4.646000000000003	1351283238.0519292	8.29511115933642	0.932269491669412	4.8
1994-09-30	0.7016995772440671	0.010789148877892629	0.12074248906014963	417.0	4.637000000000002	1290162065.5271552	8.968328335437711	0.9557725045231392	4.9
1994-10-31	0.7100281171266831	0.016273840709764127	0.1372174464621656	423.0	4.654000000000001	1265277017.6989017	8.815841772762345	0.9696978757056548	6.0
1994-11-30	0.8359200360600022	0.01212450984480332	-0.21698967836070526	436.0	4.638000000000002	870615513.1271635	7.807449537037035	1.0402354926606059	5.2
1994-12-31	0.9835075941391488	0.012801693346717524	0.09684677740350622	409.0	4.612000000000001	783806513.9814067	7.825517494658119	1.0183694985936615	5.4
1995-01-31	0.965874590533104	0.010881976826960094	0.031194271183752956	392.0	4.642	863851566.0133027	7.784927314814817	1.0122969262093815	5.4
1995-02-28	0.9415779287734816	0.010613476291355622	-0.017724262733398	386.0	4.632999999999999	888280137.7326342	8.213362637903861	1.0725900155408898	4.9
1995-03-31	0.9390157615651892	0.010671718920456943	-0.02024340326946117	329.0	4.627999999999999	1039448273.881914	6.8954866143317215	1.0597053047833862	4.7
1995-04-30	0.933584643000514	0.009478996095046526	-0.0135366544293678	299.0	4.606000000000001	1114838823.4615676	6.478688528806584	1.0712756447703955	4.6
1995-05-31	1.0919747278985859	0.008706902863926625	0.010402672044205195	249.0	4.527000000000002	1046459781.9993408	6.007342761969286	1.2045564857124258	5.9
1995-06-30	1.0049075599440012	0.004553548357251193	-0.0992239572905742	234.0	4.503000000000001	1137367105.811828	6.629599673202614	1.0894191506480306	5.0
1995-07-31	1.1012547373432815	0.0041647442674178185	-0.0308757745226087	226.0	4.471	1029357768.1752492	6.309103835978835	1.041538033642096	5.0
1995-08-31	1.1243456197418291	0.0046537984642362785	0.03375563392280778	226.0	4.444	966093526.2335453	6.430394921436587	1.058244418750507	5.6
1995-09-30	1.159834939564122	0.00864928741751535	0.11533562284003553	235.0	4.4140000000000015	876476177.6604931	7.057469618055557	0.8815666712604406	4.2
1995-10-31	1.1526335336003894	0.0077388357181232765	0.11337947300186355	254.0	4.404000000000002	802092479.1511225	7.3593422067901235	0.9008096770627926	6.3
1995-11-30	0.9024895599293769	0.032068363366932966	0.2119259276636285	247.0	4.3679999999999986	902085968.6829568	9.930497685185186	0.8095382857318956	4.9
1995-12-31	0.891850254103247	0.02822506783997166	0.2014333448449621	254.0	4.355	867719977.7175782	11.883198302469134	0.9081040904788812	5.6
1996-01-31	0.8595345036313431	0.009709685888456393	0.11370691433660075	260.0	4.348999999999998	897911423.6769925	12.124342592592594	0.9182320234695096	4.7
1996-02-29	0.8881900436048593	0.010187622175081231	0.2060843863775439	253.0	4.316000000000002	834135808.8051755	11.528246252204587	0.9334011925113876	4.3
1996-03-31	0.8708325879245848	0.010489339872655143	0.2037856298234635	249.0	4.296000000000001	826761782.9275101	13.015138165509262	0.9813779940820364	4.5
1996-04-30	0.8514890674513652	0.013133486249898251	0.19791233361071825	261.0	4.2730000000000015	758615458.1540871	16.054939043209878	0.8982092869603753	4.6
1996-05-31	0.8798071424519038	0.01862462713620343	0.2848618597978936	249.0	4.2470000000000026	738381435.8582795	16.829426256613754	0.9419817967648536	4.4
1996-06-30	0.8777006789584214	0.019344045601069847	0.2871010836663741	238.0	4.245000000000002	769642540.5300418	14.301682692307693	0.9065409860360872	4.7
1996-07-31	0.8891000053832434	0.018237074267570225	0.2854507880928079	262.0	4.2570000000000014	709809065.7425227	17.906724537037032	0.8825342327967851	4.8
1996-08-31	1.2280525945409568	0.002547768246952289	0.05300456345300564	285.0	4.230000000000003	506339297.87576175	19.12445519179894	0.9699379905822184	4.5
1996-09-30	1.2545135281778386	0.008511445468502144	0.10767983679752292	288.0	4.218000000000004	485038458.18361336	20.692066417378914	0.9827624623029796	5.9
1996-10-31	1.0379070585324657	0.023005949349449283	0.15082700509430946	297.0	4.2470000000000026	543316513.9453144	19.78483101851852	0.9990277870497956	4.8
1996-11-30	1.0453492497986825	0.01817691370587619	0.11574070255671387	312.0	4.2660000000000045	529195812.9739502	16.98234889403292	0.8906769357128264	4.8
1996-12-31	1.1024253075412982	0.02861852045875791	0.17191376686707915	334.0	4.272000000000005	465084241.3648623	14.411755233494365	0.8239607607520886	4.8
1997-01-31	1.0989692606314128	0.020399842708698428	0.14576843871573694	352.0	4.284000000000003	450194772.11207247	13.879643055555556	0.8149611895624507	4.8
1997-02-28	1.1027044779570474	0.016404408738786864	0.12393963987523104	363.0	4.303000000000004	449493238.0350557	11.06214699074074	0.7972755123818793	4.7
1997-03-31	1.1124934059745157	0.01672457476982666	0.10839633544049844	346.0	4.327000000000004	488411063.1423065	11.151660319593788	0.8342573320381899	4.1
1997-04-30	1.109939819945954	0.016154238301779016	0.1090405416370901	373.0	4.323000000000004	450537907.86604327	10.440354166666664	0.8040153125501354	4.8
1997-05-31	1.1038935700820292	0.011634238595563591	0.08791331580838603	385.0	4.3300000000000045	442256769.9166665	11.867418234767024	0.7891846346715934	6.5
1997-06-30	0.870789135555855	0.06300739869612276	0.34733815274089075	405.0	4.376000000000003	582880880.461522	12.280701459034793	0.8341394639652464	5.0
1997-07-31	0.8628111644829695	0.044203636656841606	0.3117500908183377	406.0	4.378000000000003	585141943.9445043	10.629312427662038	0.9243937245934936	4.6
1997-08-31	0.8660629089985818	0.04501252073440904	0.3119897666667182	419.0	4.384000000000003	570406630.7859923	11.95320426487093	0.8766243274958896	4.9
1997-09-30	0.8677607424878607	0.03604203333897854	0.2844931947071805	404.0	4.399000000000003	604445232.1907793	11.157393582818928	0.8468441030254643	4.5
1997-10-31	0.8667367573267711	0.03683566735396383	0.2900029772755293	431.0	4.395000000000003	563200203.3790724	10.901060956790124	0.8579861201249024	5.0
1997-11-30	0.8761538831585541	0.028627286191468294	0.2505528069632108	435.0	4.434000000000003	586273107.3875295	10.104145671834623	0.8433713192958071	4.8
1997-12-31	0.8769216972847887	0.028727729651578594	0.24324665815074464	452.0	4.439000000000002	569188934.2753682	9.728583491161617	0.8143918162802579	6.3
1998-01-31	0.7959158088886932	0.032188041735236685	0.07486826319659556	454.0	4.424000000000002	603231667.0404081	10.847315943992774	0.8389020470724661	4.8
1998-02-28	0.7887545756543374	0.030439798813663405	0.07521328218555379	451.0	4.408000000000002	597884109.1280969	11.829919294294296	0.8615556677140911	6.4
1998-03-31	0.7127610194652891	0.017355339075069826	-0.15284906724662314	434.0	4.4300000000000015	782565797.2933955	13.543065321180556	0.943476068700718	5.9
1998-04-30	0.6938367963610653	0.013371325782379087	-0.21286799422358535	416.0	4.427000000000001	852837228.1661519	13.473790922619047	0.8774482103831635	4.8
1998-05-31	0.7023219791255979	0.013150513795887334	-0.2103180717760207	409.0	4.4430000000000005	879266686.9010314	12.44339351851852	0.8752731771343677	6.6
1998-06-30	0.6873500549708758	0.01728188573102047	-0.1270510388617465	297.0	4.4300000000000015	1230161400.3931088	9.68011689814815	0.7984149837678379	5.1
1998-07-31	0.6933304026358544	0.017368501339697476	-0.10254643911365058	196.0	4.442000000000002	1882254591.0848496	6.918402349108367	0.656275150154118	4.4
1998-08-31	0.7339148906942771	0.01818637012203161	0.04873608004869645	196.0	4.419000000000001	1671197145.7218087	6.169163105413105	0.6174894174311011	4.6
1998-09-30	0.7400788552202425	0.03357889141883332	0.12598327435279	194.0	4.386000000000003	1529456507.5818868	6.045042438271606	0.5724794258243647	5.0
1998-10-31	0.8603634936760064	0.05506354704195919	0.4544265625711565	192.0	4.360000000000002	1199044472.9548738	5.592591666666667	0.6699004582186621	4.8
1998-11-30	0.8654160259892439	0.05530280949308025	0.4441400672011824	206.0	4.373000000000004	1136781850.898725	6.639034391534393	0.7665861109053682	4.7
1998-12-31	0.8596616043783473	0.056861964233006775	0.4612200684932946	184.0	4.355000000000003	1244329776.036002	6.183374056927298	0.7365477599768847	5.7
1999-01-31	1.3416414130660979	0.013089627030194615	0.15573357566445534	209.0	4.354000000000003	827699920.6393571	7.6227426268861445	0.8097579301983349	4.6
1999-02-28	1.3267276363295315	0.015271402454999434	0.15370490724871289	243.0	4.339000000000003	692384139.0527935	9.048806089743591	0.9737968178628704	5.3
1999-03-31	1.3227743967547063	0.016188036380231363	0.16972079262841697	263.0	4.3240000000000025	630667188.1230705	10.497135165056363	1.1350253630900875	5.0
1999-04-30	1.291150278017686	0.008825248273955526	0.12635876309089156	270.0	4.323000000000004	616517487.281567	10.792954629629632	1.006009810391591	4.4
1999-05-31	1.2988072465331877	0.010093260705110456	0.1328547663461661	283.0	4.328000000000002	590123280.5533409	9.86864776234568	0.9978140131317076	5.3
1999-06-30	1.2314004135210443	0.003685298111429672	0.0520686748835324	288.0	4.333000000000003	598750107.1794997	11.369869162640901	0.8625975475425078	5.7
1999-07-31	0.9956398046684456	0.0020185201827456066	-0.2984112125256297	276.0	4.373000000000003	746810484.2430809	12.230424558080808	0.8506747174629213	5.4
1999-08-31	0.98027907571411	0.0018991463275895985	-0.34242022119462323	272.0	4.389000000000002	796724459.8762783	11.721571054750402	0.8207799628909922	5.2
1999-09-30	0.9872684830940373	0.0023308046224223703	-0.36064499583017984	265.0	4.416000000000002	853552505.9421735	10.923368537808642	0.7967497848241731	4.7
1999-10-31	1.1174647172784338	0.007633960626905953	-0.171673940619125	278.0	4.4090000000000025	773696311.534603	10.28857510288066	0.7861027344117161	4.6
1999-11-30	1.1242261550150758	0.007605550775748308	-0.16688972513367073	288.0	4.416000000000002	750711009.1957701	10.295153463648834	0.7890982612755553	6.5
1999-12-31	0.906569181287844	0.009466667018571736	0.3142235890294893	287.0	4.436000000000002	942786768.3064481	9.480925497256518	0.7770314585874474	5.4
2000-01-31	0.9067671293692036	0.00989636839530782	0.2752840692232006	280.0	4.467000000000001	1008241095.0063832	8.621056857638889	0.7496928610496066	6.0
2000-02-29	0.8610626034891977	0.003484760025480583	0.15863799820970034	283.0	4.483000000000001	1085683093.3754027	7.283808641975309	0.8692823690540301	4.6
2000-03-31	0.8631236565665376	0.0043323298262759056	0.17937609954341482	284.0	4.474000000000002	1058897029.4942642	8.964184799382716	0.7495678402111304	4.8
2000-04-30	0.8635298372703274	0.004796075410453916	0.18522407081284695	300.0	4.471000000000003	994637658.5210869	8.28368325617284	0.7647934698668032	4.5
2000-05-31	0.8636532288032952	0.009101658585285223	0.22048571527025015	304.0	4.449000000000003	932947826.6924274	9.810035095579453	0.8398779686627214	6.3
2000-06-30	0.7771794840173321	0.025804479786588126	0.07278693219318111	278.0	4.423000000000003	1073200097.6420207	10.279218964334703	0.8441696697773567	4.7
2000-07-31	0.7753644376397116	0.02942767404120705	0.07864837736951903	279.0	4.420000000000002	1064239914.5443314	10.225028935185186	0.8241521271328783	6.3
2000-08-31	0.7713766011507437	0.025037426720126564	-0.12781915840458602	257.0	4.409000000000002	1094854941.4117472	11.101070075757574	0.850568731599336	4.7
2000-09-30	0.7733207015810393	0.02611527362963669	-0.12435233415843072	268.0	4.4129999999999985	1051903883.9287947	12.630959545855381	0.9572201898744509	4.7
2000-10-31	0.7608843593856173	0.04520444657027522	-0.10296317963695588	270.0	4.383999999999999	989331182.8308313	11.38751035575049	1.2581186038890977	5.1
2000-11-30	0.8603973466025707	0.038181319679265587	0.10259679504311857	264.0	4.399999999999999	964296003.5985364	11.243289049919484	1.3177953328433276	4.8
2000-12-31	0.8639269814978321	0.03659378036337857	0.09842528924398852	271.0	4.406999999999999	947086481.5817745	10.219382716049383	1.1781225660406789	5.0
2001-01-31	0.9033009805851071	0.051908424170498964	0.1996220185071138	239.0	4.403999999999999	1044613991.5326726	8.561427897805213	1.0917421432588994	5.3
2001-02-28	1.032353217625756	0.03295653917695601	0.4202767869719333	258.0	4.379	820361902.367674	8.262228454415954	1.0540502964972476	6.2
2001-03-31	0.8919074075524052	0.036143577745098056	0.17276725054168196	270.0	4.404	913240043.9108787	9.2474533045977	0.9530018864897276	4.7
2001-04-30	0.8872480137046701	0.03543441815528315	0.1726414885126939	268.0	4.397	912362092.1001099	9.305162894375858	0.963610358528571	4.8
2001-05-31	1.1051901768247685	0.04656250794535649	0.4141996825651786	267.0	4.388	759660076.5811242	8.149905092592595	0.901300521661114	5.3
2001-06-30	1.0447819519737915	0.026654990859576955	0.33082564941998793	255.0	4.371000000000002	794209109.6825185	9.35567901234568	0.8512165851118388	5.0
2001-07-31	1.0289815281919807	0.02130634585373264	0.2866908488724507	254.0	4.373000000000004	802584821.851837	8.307249503968254	0.7617968957210042	5.1
2001-08-31	1.0244540680683616	0.02186125795638717	0.29027787371778396	232.0	4.3640000000000025	868963319.4700332	8.539560185185186	0.8363168144570233	5.2
2001-09-30	1.0831272089081172	0.03431516102098253	0.3935439505193621	211.0	4.367000000000003	942255066.9010668	7.811822026353277	0.9365434022925788	5.5
2001-10-31	1.3837928435623916	0.0033502188684834977	-0.02628863446757901	208.0	4.352000000000005	831736631.5491487	7.591321759259257	0.8886554756115059	4.8
2001-11-30	1.3894747865648651	0.0036512945383436954	-0.03555169042726458	215.0	4.365000000000005	823788584.9949149	7.348268849206349	0.8647268065859539	6.1
2001-12-31	1.0964376527422623	0.014405795769247054	0.27388657630390245	223.0	4.385000000000004	925561974.3928636	6.2530729166666665	1.0128163219741486	4.7
2002-01-31	1.1226695931643926	0.02621370310725522	0.3057062491639515	219.0	4.397000000000005	942261568.2120936	6.2694970238095244	1.0679944861355752	6.2
2002-02-28	0.9424472788751962	0.022901110684412092	0.10498067771321562	207.0	4.429000000000003	1189945801.2038114	5.617186507936506	1.0456372785542891	4.9
2002-03-31	0.935025735199005	0.02366022102698467	0.08943610949435765	201.0	4.424000000000001	1211046747.2064226	5.368807870370372	1.0505660725242667	7.4
2002-04-30	0.6327433754029781	0.02173820591610965	0.4133576734329187	165.0	4.508000000000001	3657866914.305629	4.245588450292397	0.9237915594992698	5.9
2002-05-31	0.6457350254495723	0.01754603907237837	0.5187354841434626	113.0	4.468000000000001	4980094801.114381	3.5711917305236267	0.8126155302973396	4.5
2002-06-30	0.6341379583208026	0.017810433633726516	0.4965105511150165	126.0	4.445000000000001	4389994584.263998	4.443582818930041	0.67453120445108	4.9
2002-07-31	0.6293815974381994	0.017591195495027204	0.4923037498123088	136.0	4.435000000000001	4049458786.5778775	5.16480324074074	0.7276141667156761	4.4
2002-08-31	0.6267275630100226	0.017539055593830268	0.4911781253426506	151.0	4.4300000000000015	3636426724.833955	4.8366772762345684	0.6797663788647225	4.7
2002-09-30	0.9334104007141988	0.0034099257916042013	-0.01120834049795505	160.0	4.384000000000003	1435191055.2419248	5.7939388888888885	0.6580288880941946	5.2
2002-10-31	1.0591337673358432	0.0013473165081060465	0.0069398326853447045	188.0	4.363000000000002	1078372475.1315267	7.054374496779388	0.742422649219662	5.2
2002-11-30	1.0918479430585262	0.002576159155548189	0.08056207949483518	217.0	4.335000000000002	858368171.4111211	10.817374421296297	0.7583174539998916	6.3
2002-12-31	0.9808665852914101	0.02402175331610192	0.3108561489740529	221.0	4.378000000000001	981043348.3304332	8.693574537037037	0.6408053478611819	5.5
2003-01-31	0.9855719427223502	0.01608835639283907	0.2843568315197631	218.0	4.401000000000002	1056061822.9322026	7.187054398148147	0.5759941298541585	4.6
2003-02-28	0.9823770530145832	0.0173198273092942	0.2805749076066721	206.0	4.396000000000002	1106090260.3672798	6.214493220899472	0.5333822053427518	4.5
2003-03-31	0.9863298751896296	0.017964755242285163	0.2817892903312602	221.0	4.402000000000002	1037514036.1396738	6.817823275862071	0.5732373945298106	5.9
2003-04-30	0.9331306053919994	0.009940968497780448	0.16441807328702218	232.0	4.426000000000001	1078766558.655738	7.901374121966795	0.5818201222099415	5.2
2003-05-31	0.9417855035665716	0.011530606481038992	0.2011952609630958	208.0	4.416	1175315536.4610028	5.624967672413795	0.5850139985472436	4.8
2003-06-30	0.9447226766533808	0.010658935027813385	0.1990278146012052	212.0	4.421000000000001	1160929903.867793	6.8729960887611785	0.5978273806889518	4.6
2003-07-31	0.9466770467147836	0.012196737467799305	0.20327021446428614	231.0	4.424000000000001	1066222035.2931018	7.487545897190295	0.644288923763222	4.9
2003-08-31	0.9389527574685154	0.02082688424651008	0.2500816496327989	266.0	4.388	870853437.7304476	9.70160033831909	0.7726481082786049	4.5
2003-09-30	0.9241029877684408	0.02307082346105437	0.2559530903851455	287.0	4.367	784666320.9575098	12.155542403198655	0.8962440776780538	4.9
2003-10-31	1.1575691082669648	0.01197162244390386	0.19319759563759756	300.0	4.334999999999999	606493218.9085164	13.563698192239857	0.9409932261719656	4.8
2003-11-30	1.209236934728284	0.02380751150851999	0.27697427902768457	289.0	4.314	586810791.633052	13.385399029982365	0.9418153093071996	4.7
2003-12-31	1.2158886628065255	0.023782091297775712	0.2738361143725125	306.0	4.323	561582275.0421699	12.88118108164983	0.9493796187152403	4.9
2004-01-31	1.2134537834066603	0.02039736923417606	0.2429715710189768	273.0	4.34	651488568.2696853	10.917631944444445	0.929277859292788	4.8
2004-02-29	1.7182389174329649	0.01975096421104448	-0.16930588425705118	298.0	4.312000000000001	511556938.5606268	12.308203125	0.9627505393343249	5.1
2004-03-31	1.7273525320526188	0.021824202915067446	-0.17350178440082953	286.0	4.3260000000000005	544294921.7054952	11.066164351851851	0.9767430053909001	5.8
2004-04-30	1.2467264846749395	0.010781690529545371	0.16707492677544966	268.0	4.340000000000002	656303800.0697659	10.26427751068376	0.985490013326245	6.6
2004-05-31	0.8708242330047425	0.03759960740943728	0.4276827003711441	232.0	4.385000000000002	1080235581.3956852	8.259551611796981	1.0503626531668684	5.2
2004-06-30	0.8870206708551734	0.03296479961810515	0.4369544654656652	220.0	4.409	1183209852.9865127	7.788499657064471	0.9748346023279256	4.7
2004-07-31	0.8849244852951693	0.03262688465301423	0.4337334086717979	215.0	4.405	1209600827.2724385	7.380006784802044	0.9256215542454532	5.4
2004-08-31	0.8782766629735616	0.025582186734806743	0.4299077491759755	188.0	4.397	1391886879.3173745	6.535817625661376	1.1958227052849548	6.0
2004-09-30	0.8160872675687852	0.01575048656354669	0.29242127151613584	192.0	4.393000000000002	1459005644.1262054	6.465818518518519	1.2563858198026399	4.7
2004-10-31	0.8291481617044132	0.03780220722999891	0.3974026341209401	181.0	4.352000000000001	1392002669.795438	6.7672366898148155	0.9091409579969888	5.3
2004-11-30	1.1135351902943476	0.0074647098189493735	0.19020854100424067	187.0	4.3660000000000005	1069392919.1738386	6.825969221536352	0.8270365665751257	4.8
2004-12-31	1.1040045876648148	0.009345260419804585	0.2037594621881995	199.0	4.343000000000002	955565026.0377461	7.177674056267806	0.8465877532204495	4.8
2005-01-31	1.112386183620304	0.010960202821754705	0.22416974057960812	222.0	4.336000000000001	842887923.5499375	8.371235648148149	0.8758272690982108	4.1
2005-02-28	1.1059876385555176	0.010567751469199277	0.22492871147388271	245.0	4.328000000000002	755415365.8163083	8.056502218364198	0.8365679333906036	5.7
2005-03-31	1.0212934697026737	0.00488531846807772	0.09836977997222453	259.0	4.333000000000002	758977033.0774941	8.379456544612795	0.8387528949517651	4.9
2005-04-30	1.0306771106244956	0.004762613779255275	0.10306749961948823	258.0	4.3450000000000015	777501118.2486857	11.244963173400674	0.6790042297636677	4.8
2005-05-31	1.2948970675115317	0.006864663068568085	0.11483957913778743	259.0	4.336000000000001	670663989.4078789	10.526195812289561	0.6747944205549078	4.9
2005-06-30	1.2939959651031148	0.0074776065678094404	0.10333042729415264	265.0	4.346000000000001	667266855.7201741	11.91551609848485	0.7564984845366459	5.3
2005-07-31	1.3359079534898282	0.011302539163005727	0.12735230554294394	254.0	4.3720000000000026	714858451.8718983	9.259649777091909	0.6412038692660215	5.6
2005-08-31	1.1470847203707466	0.009719520059562607	-0.0909508522532212	261.0	4.387000000000003	750280959.3907722	8.843773547254152	0.6346373398454548	5.3
2005-09-30	1.1232324951531285	0.004229270633056394	-0.1364280080021869	252.0	4.395000000000004	812493248.3866647	6.515474537037037	0.9968254290774512	5.1
2005-10-31	1.2401087034196825	0.004619784968938779	-0.11483887013019968	195.0	4.413000000000006	1028569347.4947675	5.892905815972222	0.9640209279247351	4.8
2005-11-30	1.2364776527805397	0.004709587882049343	-0.1125480501693179	194.0	4.406000000000005	1023902132.740442	5.667211009837962	0.9531817732324432	4.7
2005-12-31	1.2411941023931272	0.00571403458322948	-0.11588629661856407	191.0	4.414000000000005	1055294463.7769445	5.332978716563786	1.1601270953964056	6.5
2006-01-31	0.92692327141479	0.02434402181278284	0.3953609567022891	189.0	4.409000000000005	1317446048.7290235	5.640248316498316	1.0902071624331862	4.8
2006-02-28	0.9311011034648732	0.05320382722996127	0.4606697578408294	188.0	4.371000000000005	1198685919.0072026	5.86857601553166	1.093012760667489	4.6
2006-03-31	0.9259422694589112	0.09678008743204328	0.5182688286271473	178.0	4.3450000000000015	1183133730.6095414	5.801103823731138	1.1647238989846147	4.8
2006-04-30	0.8358606052645868	0.06900554531588042	0.28771569748433645	182.0	4.330000000000002	1121425379.398883	6.230371296296296	1.066987506668626	4.5
2006-05-31	0.8435128080260187	0.09177749904491454	0.3234731256751724	200.0	4.330000000000002	1017308113.9804668	7.436868055555558	0.8900986714493051	4.5
2006-06-30	0.838546221348425	0.09556432279918192	0.34187721624882084	206.0	4.315000000000001	969048510.2029724	8.563410143097643	0.8287503498101507	4.8
2006-07-31	1.8309081547819213	0.01428468492380496	-0.3826419942305508	194.0	4.293000000000002	729661998.7185037	9.441412037037038	0.8872770219470215	4.9
2006-08-31	1.7471965426023683	0.021933547449847844	-0.34613272530133976	208.0	4.315000000000002	719094904.9762299	9.176883267195768	0.927319878230808	4.8
2006-09-30	1.6475560349754514	0.03304477820567145	-0.4308181907459448	200.0	4.347000000000002	795842243.515959	6.457178406084656	0.7390810313165806	4.7
2006-10-31	1.6218944183125994	0.037646077608919186	-0.4541845497645136	207.0	4.3560000000000025	782977241.0087208	6.644820987654321	0.7683353191705586	4.5
2006-11-30	1.6429808196495408	0.03273296353826607	-0.4289506281951363	217.0	4.338000000000002	725308316.1406487	6.447686382503191	0.7985986835489238	5.0
2006-12-31	1.7363708900076382	0.05766844763265928	-0.3001038586734772	203.0	4.377000000000002	837365721.4558277	5.521510912698413	0.9105927294606632	4.9
2007-01-31	1.654767450918386	0.060884543610377824	-0.3549651714228643	200.0	4.384000000000001	866071208.4357513	5.188134137426902	0.9023391091663184	4.6
2007-02-28	1.7897398226584509	0.041140334064714436	-0.24587445827386126	183.0	4.338000000000001	867265879.4557344	5.393523943865741	0.8459067502880363	5.2
2007-03-31	1.669107718268512	0.01660722091485114	-0.11622488385964758	176.0	4.338000000000001	923321492.5352404	5.349715875149343	0.8338643526048422	4.9
2007-04-30	1.6931661952106325	0.02052486087905666	-0.11929651922140128	144.0	4.370000000000001	1177556681.7958302	3.797081579685747	0.9336256519444294	6.2
2007-05-31	1.1188942259585255	0.056021157618970266	0.4226974300936997	127.0	4.402000000000001	1626461586.6874194	3.4002067258230446	0.8755962684922636	4.7
2007-06-30	1.1244299496032313	0.057252627372518586	0.4220939650055504	121.0	4.412	1726624543.3774526	2.9705664682539688	1.0573507926513026	4.8
2007-07-31	1.085050716466268	0.08153872108836398	0.3630081447051525	119.0	4.416	1727927124.1636226	3.0351858108108107	0.8766777475489228	5.2
2007-08-31	1.700486789922501	0.03049813882924917	-0.13549307714769476	111.0	4.400000000000001	1595838586.9814348	3.017989864864865	0.9653890298614526	5.1
2007-09-30	1.7512145835211816	0.029761828589873588	-0.11308183767624592	114.0	4.418000000000001	1591247375.6018178	2.7955282526115863	0.9587180277967928	4.9
2007-10-31	1.7171773480155204	0.03805702842471767	-0.1471956401986807	112.0	4.437000000000001	1685305914.6490898	2.458959122474748	1.0294766290227584	5.0
2007-11-30	1.6555517311897958	0.03240585711143222	-0.18042435608849328	128.0	4.423000000000001	1454059342.8992355	3.0615305335097003	0.9500973617230692	5.5
2007-12-31	1.4237530460978098	0.01800127523638084	-0.07227665851794908	121.0	4.457000000000002	1665271716.8150878	2.488103083136328	0.8362748289827109	5.2
2008-01-31	1.4572999920280163	0.01627468999404879	-0.0280393967950916	117.0	4.434000000000001	1672965302.384852	2.5875823643410847	0.8334957010148362	5.2
2008-02-29	1.3816824421961469	0.009598595888189385	-0.08162095907902778	97.0	4.415000000000002	1985685707.2232368	2.2166388337742498	0.995577090963902	4.9
2008-03-31	1.4872068872719106	0.01474923971236494	-0.2794257491649006	101.0	4.397000000000002	1777294881.1391327	2.4787138663053296	0.9191551522654232	4.8
2008-04-30	1.8115200334725532	0.03156885036818543	-0.03363088534703529	116.0	4.346000000000003	1380073796.3339562	3.0007423048048047	0.8820852580551791	4.9
2008-05-31	1.7158464322447904	0.024615622400380392	-0.09372372136796604	118.0	4.348000000000004	1373668507.4389107	3.1666550925925936	0.9378790655341982	5.4
2008-06-30	1.5547560905358624	0.01447589043843546	0.021239369806972164	119.0	4.334000000000004	1343060184.132261	3.5352642746913583	0.912796170638973	5.1
2008-07-31	1.545348131582916	0.009897646943288615	0.006274314861074437	115.0	4.3400000000000025	1435404944.7991366	3.781800595238096	1.0741938953680783	4.8
2008-08-31	1.5647633552376383	0.012429699434606577	0.005221370663075042	121.0	4.360000000000003	1405001555.1081016	3.9592334104938267	1.0103786929520988	5.0
2008-09-30	1.5367955493745022	0.012296900116888587	-0.02585929790657282	132.0	4.373000000000001	1320216452.1071591	3.8362127459490734	1.003814240732388	5.8
2008-10-31	1.2551938530811482	0.008445427769891661	0.07375193642644008	130.0	4.457999999999998	1663044637.4480462	2.9202890695573624	1.0703859851562816	5.7
2008-11-30	1.1309395944070977	0.0065056783949969076	-0.09210530029947073	113.0	4.472000000000001	2047016288.1143844	2.5284308449074078	1.0395785606748111	4.9
2008-12-31	1.1116929446175892	0.004944140094147386	-0.08464726407327827	99.0	4.437	2245543534.495852	3.004476711560045	0.7117954500486042	5.8
2009-01-31	1.1473992901266974	0.00872458346749862	0.003488377942264087	85.0	4.396000000000002	2389119450.921389	2.7544026284348866	0.6522804223088442	6.6
2009-02-28	0.8526142501896463	0.01869662217863524	0.2812246936813736	95.0	4.456000000000001	3077702652.6576986	2.4020752002002	0.6771659408282732	4.9
2009-03-31	0.8801715136726989	0.026494584961264125	0.3375897593270301	119.0	4.463000000000002	2398521447.305209	2.844918134598013	0.7770703186494817	5.1
2009-04-30	0.8942816986805066	0.03018361816618028	0.36630584129814014	140.0	4.4780000000000015	2081210516.8094406	3.3264861662257497	0.8126367797504351	4.7
2009-05-31	0.8992257790058947	0.03174709463978345	0.3708016171923374	173.0	4.487000000000003	1695619513.2875395	3.8371301440329217	0.8643629306991887	4.7
2009-06-30	0.9010288496021428	0.03245742475260373	0.37550555623167625	197.0	4.4890000000000025	1488014172.904448	4.367335133744857	0.9693501718601522	4.5
2009-07-31	0.9054478888782036	0.03318138839449068	0.3781627136156178	231.0	4.498000000000002	1277199411.5768287	4.431049639917696	0.9354334015109491	5.3
2009-08-31	0.9222986068667448	0.027355179118409317	0.3808637253457148	252.0	4.532000000000002	1221296765.5046828	5.076380931712963	0.9326065557508766	4.9
2009-09-30	0.9245844387800092	0.027962417245542888	0.37825875098068973	278.0	4.5390000000000015	1116558059.3372755	5.5065573034769475	0.8923556881050272	5.1
2009-10-31	0.92611554572332	0.02645878325413416	0.3625977111862442	302.0	4.554000000000001	1049606866.5385637	5.971050462962962	0.9167341044448468	6.2
2009-11-30	0.8163478170594309	0.01621420833717427	0.06747308180835354	327.0	4.606000000000002	1196031237.6818776	6.137633215323167	0.9291825944695714	4.8
2009-12-31	0.8155848496619089	0.0159168708715471	0.06678745564416921	348.0	4.604000000000002	1122206711.0776026	6.879529861111113	0.969244597301552	4.7
2010-01-31	0.816079515699712	0.016015598902504664	0.06795520995048497	377.0	4.605	1035886276.8573787	7.451293287037037	0.9868494408453752	5.4
2010-02-28	0.8255068265537492	0.01238914081675857	0.06648646433953065	404.0	4.633	999060346.6304232	8.060625694444445	1.0630685798732886	5.7
2010-03-31	0.8238390817966877	0.012724426785495364	0.06937522614389469	425.0	4.626	935623149.1096498	8.68227560468632	1.1222138402926467	5.2
2010-04-30	0.8199664547604928	0.01062672949640722	0.05401350199092825	448.0	4.626	892574170.0341723	9.475573923107893	1.1844113325607994	4.7
2010-05-31	0.9492062467452306	0.015531273532734606	-0.04440994302904233	470.0	4.593999999999999	675535484.5445932	9.978796296296297	1.2618550985476402	4.8
2010-06-30	0.95585464090023	0.01687740460607341	-0.006340222533332884	473.0	4.575	647663165.5328151	10.159146537842188	1.2897478538464973	5.1
2010-07-31	0.9554284876909572	0.016758095902655087	-0.0064200610875539965	424.0	4.573999999999999	721767627.4301401	9.21266430152979	1.1246527979139975	4.7
2010-08-31	0.9484667528377384	0.01582868929474688	-0.010931936255961894	409.0	4.56	740203725.6170536	8.755304269547324	1.0772297360967449	5.2
2010-09-30	0.9366501657513512	0.0165371202892083	-0.02614854625921481	345.0	4.55	861463690.3586624	7.31582679146538	1.000103921308553	6.3
2010-10-31	0.8672906207551567	0.019686754195421936	-0.05644673005788015	344.0	4.552	958873151.2081838	6.865485572782085	0.9857846171503828	5.3
2010-11-30	1.0401376499576611	0.016011622099160062	0.2642664530285561	319.0	4.5360000000000005	853970038.7122892	6.674098207249802	0.942080685346926	5.2
2010-12-31	1.025397288286	0.017070086834323643	0.2396045166632952	301.0	4.5280000000000005	896478126.5298766	6.633169495884773	0.9501671340694292	5.2
2011-01-31	1.018357341658588	0.01608531068514327	0.2238889852911372	306.0	4.53	887918217.8294133	6.60176517489712	0.9281661518410328	6.0
2011-02-28	0.9672405834306371	0.018905611399969026	0.1561911698109233	296.0	4.517000000000001	932035232.4335918	6.043822273662553	0.9098617862147792	4.9
2011-03-31	0.9678415939597697	0.018700758431752826	0.15203016812458348	292.0	4.521000000000001	950818723.5116037	6.367258454106278	0.9291255770440532	5.8
2011-04-30	0.9385006084314776	0.010337891145672979	0.07050587072852378	302.0	4.541	984639933.5784652	6.8758335963804695	0.978207869445208	5.0
2011-05-31	0.9381577888329564	0.010291403061045685	0.07570019931851313	309.0	4.5360000000000005	954740884.5346223	7.0323866266835005	0.9882474645432622	5.9
2011-06-30	0.9000662454173392	0.00798763406428882	-0.024373516195507428	331.0	4.556	960733493.4671383	7.349937920875419	1.001615579514201	4.6
2011-07-31	0.8983011443209059	0.007638390622826106	-0.024566086495173774	346.0	4.5520000000000005	915035169.155218	7.7348753768303204	1.0063127994206749	4.7
2011-08-31	0.9031568539777554	0.009466284368148321	-0.006631797775132675	357.0	4.552	877884719.1679676	7.704603137860081	0.9929238453446776	5.3
2011-09-30	1.0146591261289015	0.010393758278917016	-0.1266715981560793	332.0	4.5630000000000015	862285617.4160546	6.7398065476190485	1.0121325361642917	4.9
2011-10-31	1.026099640955198	0.01401550112129477	-0.09469135360963232	335.0	4.554000000000001	837656587.824891	6.8446142762660624	1.010789556974138	4.7
2011-11-30	1.0329283866214671	0.017097113204039543	-0.054711225053725165	348.0	4.533	772559477.5729628	6.8259282407407404	1.0074630806917684	5.6
2011-12-31	1.00824152863447	0.016003275401108977	-0.1097833045357568	338.0	4.5440000000000005	821273348.5570457	6.3368182425213675	1.040384240258885	4.9
2012-01-31	1.1207907878594252	0.019889549576698747	-0.04915297518948592	335.0	4.553999999999999	782447110.7446929	5.701073140025991	1.0376347327650337	5.0
2012-02-29	1.1181538007039804	0.01856503954260469	-0.05485970329018031	348.0	4.553999999999999	755034268.732234	5.8103415367121505	1.0272086756351324	4.7
2012-03-31	1.1193996904941852	0.019306711303748496	-0.05488028794702871	351.0	4.5569999999999995	751653276.61063	5.943050062774639	1.0045000318664183	5.6
2012-04-30	1.2477842068805158	0.025679043238595548	-0.1608765045191154	313.0	4.500000000000001	713530018.3254867	5.176637223846653	0.9250326123486003	4.6
2012-05-31	1.239166778928857	0.0248793960915506	-0.1642979820787538	278.0	4.488	794056238.381987	5.0914951989026065	0.932738603774556	5.7
2012-06-30	1.1981207353229706	0.0269626198253458	-0.060340239025495464	265.0	4.437000000000002	789816655.946292	5.693168724279835	0.9709951738802696	5.7
2012-07-31	1.0191420798517978	0.018222120775695724	-0.2956685934360124	238.0	4.432000000000002	930755559.5387939	6.07933266325536	0.9469845556973367	5.7
2012-08-31	0.9252109903136164	0.015122647837993303	-0.4527443140191236	223.0	4.433000000000002	1043066341.6571168	6.616720679012346	0.9426437141212436	4.4
2012-09-30	0.9153459047763056	0.011338224665786515	-0.4761860779052123	229.0	4.421000000000002	998950296.4235387	7.168864969135803	1.005701368002944	5.2
2012-10-31	0.8962818068609595	0.008496710138113614	-0.5172817201736191	238.0	4.421000000000003	971130660.330325	8.405756321225072	0.8485228254232445	5.1
2012-11-30	0.9423067406406824	0.005903023671087479	-0.42304735983794295	225.0	4.427000000000001	1014655416.6888822	8.890742592592591	0.9938474147440052	4.9
2012-12-31	0.9259577386474924	0.0059163568785542756	-0.4315315931725259	220.0	4.407000000000001	1013744566.4460069	9.247809343434342	1.0059487507845462	5.5
2013-01-31	0.9811535146304892	0.0036320650782798508	-0.3449828074256143	229.0	4.409000000000002	960616545.574609	9.738905998389694	1.0641293254432842	4.8
2013-02-28	0.9805874025688536	0.00282480483379474	-0.34922069898086416	242.0	4.409000000000002	912304095.5474932	9.512443094135802	1.0687403843484753	4.9
2013-03-31	1.1459211395148956	0.003999693002436221	-0.11386048269885585	246.0	4.4060000000000015	838312993.0493971	8.752742626886144	1.0421284405528235	5.1
2013-04-30	1.3879004855327075	0.0060281016513746895	-0.033595435808952516	246.0	4.3610000000000015	717117676.3507054	8.802259516460904	1.0449352952990365	5.4
2013-05-31	1.2725802546065723	0.004145086592802365	-0.14240011888597248	221.0	4.359000000000002	828416114.1425867	7.677002777777778	1.5354012134148876	4.8
2013-06-30	1.2795370023201689	0.0027745818477437037	-0.11498358866563052	229.0	4.338000000000003	767231408.3614942	9.423134057971016	1.1797683017796472	4.8
2013-07-31	1.2969665635122938	0.004042697363474682	-0.07999021619471948	233.0	4.324000000000003	726403937.4304032	9.558008294753087	1.0642937003427095	5.2
2013-08-31	1.4068691878904298	0.00496487150752642	-0.08766627183823772	208.0	4.328000000000003	796616836.8604356	8.943858695652176	0.9805080671106556	4.8
2013-09-30	1.3902912623208437	0.003392308637079225	-0.09484055518138756	189.0	4.319000000000002	858965861.6158303	9.752284356725148	0.9151650885883659	5.2
2013-10-31	1.3711758146427342	0.00605187687646625	-0.11201485959665812	183.0	4.321000000000003	893336008.5738679	8.944410940545806	0.8519165661194658	5.3
2013-11-30	1.5122047145938131	0.009991509864570676	-0.0999731801658017	169.0	4.324000000000003	946001369.1987623	7.239065806878308	0.9408591081677984	4.8
2013-12-31	1.5129882309116878	0.009648136694049424	-0.0952510227286938	160.0	4.319000000000002	991563797.2210957	7.52811507936508	0.968310629377066	5.0
2014-01-31	1.5500832854975162	0.010275295349613009	-0.08587037354561122	155.0	4.3290000000000015	1046572757.0180737	6.536650563607084	0.8660300840672805	5.1
2014-02-28	1.513317881500836	0.01029876248157462	-0.12581957313629122	160.0	4.342000000000004	1049788875.2877561	5.909899394586895	0.9867301799979644	4.7
2014-03-31	1.5189661095501386	0.008008711808231409	-0.11708241229251025	174.0	4.338000000000003	954930733.674698	5.7094453017832665	0.977085183309144	5.2
2014-04-30	1.5231488571512315	0.005435682661335247	-0.10376993597171147	172.0	4.3290000000000015	945655134.3820627	6.344796759259259	0.8218462403859588	4.6
2014-05-31	1.653787300387486	0.009357327900639359	-0.10945052199607552	182.0	4.318000000000001	858594041.91599	7.0213587962962976	0.8837496254487781	4.7
2014-06-30	1.6582509202658455	0.007043922157822881	-0.0989686610798568	180.0	4.310000000000001	854030744.6796298	7.1280936535493815	0.9924392244797045	5.6
2014-07-31	1.3936450487949164	0.006614104482015475	0.1207334103579054	186.0	4.3240000000000025	883479434.5616015	7.40084212962963	1.0136119775791523	5.2
2014-08-31	1.3182363003625468	0.003203704950995969	0.04843161552756836	201.0	4.324000000000002	826861709.5862322	8.288790991512345	1.1006608540466865	5.2
2014-09-30	1.2881120983047354	0.00870232066815291	0.053844133334892234	179.0	4.300000000000002	891795188.0580627	8.503827614379086	1.277302256638448	5.2
2014-10-31	1.2510724332145031	0.0016197132801880688	-0.010522057118600436	161.0	4.3080000000000025	1031665061.5451679	8.116228070175438	1.1647712929154013	4.6
2014-11-30	1.2725501481975623	0.0019978734498149204	-0.007241379773097023	162.0	4.327000000000002	1052642364.9630945	6.673727334104937	1.0659247032304249	5.2
2014-12-31	1.227767598879833	0.0010248031144720275	-0.4600302859270658	158.0	4.328000000000002	1054797511.098626	5.9976055555555545	1.0229542219668215	4.8
2015-01-31	1.3479335083684472	0.0021479395192599005	-0.33500016697830226	164.0	4.322000000000002	986394205.4900707	6.375183796296296	1.0701151637046709	4.9
2015-02-28	1.311385224534851	0.002086960021020268	-0.3711558195059377	167.0	4.320000000000002	975501625.6187592	5.253780555555554	1.1900721401555878	4.9
2015-03-31	1.4309076961525158	0.005398330464473548	-0.2699781208159351	169.0	4.322000000000001	952931200.3036203	5.741379709450829	1.1106290845583573	4.9
2015-04-30	1.6971488302770958	0.0124482179395024	-0.07534722048648312	176.0	4.307000000000001	866695993.1808876	6.239097222222222	1.144633002592944	4.7
2015-05-31	1.6934109343109518	0.012281149494407872	-0.07981293437971537	183.0	4.309000000000002	836510140.795385	7.2569726851851835	1.243093759625971	5.4
2015-06-30	1.4119396715563763	0.0032077074680974304	-0.07075531933545243	191.0	4.310000000000001	835215665.9745402	8.381987985008816	1.3005577839362046	5.5
2015-07-31	1.3206443278111608	0.00398932721170187	-0.031792172449413236	165.0	4.304000000000004	972681581.1741585	7.633300438596492	1.089938876619467	4.8
2015-08-31	1.3069586170521286	0.0069765065661174215	-0.029735443690064763	144.0	4.291000000000007	1094111018.5477493	8.907837818287037	1.1605049440385	5.9
2015-09-30	1.0785185894402805	0.006556896829516393	0.10236041383218808	143.0	4.309000000000005	1237058114.6660323	9.35215200617284	1.1530426527903992	5.4
2015-10-31	1.0587511547501478	0.00910731182418952	0.055639559441435615	124.0	4.316000000000003	1456585234.7436664	7.673738425925926	1.0737232690855358	7.5
2015-11-30	0.5813966488147905	0.07411917949706216	0.5760954358336257	103.0	4.3389999999999995	5005001840.736282	5.430264274691359	1.0123706588680832	5.7
2015-12-31	0.6107787758338283	0.05861279068854078	0.6776452035705454	96.0	4.322000000000002	5267368024.946406	4.502296810699589	1.3337121681587532	7.2
2016-01-31	0.672636244646136	0.04430965439233466	0.5953915121551212	66.0	4.387000000000004	6290845330.783275	2.8910179924242425	0.5226547689479348	5.7
2016-02-29	0.6882427483092545	0.0216067262449144	0.4707636710663783	82.0	4.4730000000000025	5557224953.22742	2.517494772998805	0.5337493510219791	5.2
2016-03-31	0.9666961719187874	0.009491110560501434	0.2177135669148038	79.0	4.434000000000001	3081552585.833053	2.4254521356033454	0.6408266530292289	5.6
2016-04-30	0.9110498875230604	0.008973749938408958	0.18736565002534267	110.0	4.363000000000002	2051286458.7312238	5.348212962962963	0.6975401542850252	6.6
2016-05-31	0.8287294244121585	0.016370165065786948	0.3526897198353369	120.0	4.357000000000003	2114060668.1142032	6.11056712962963	0.7810327310826096	4.6
2016-06-30	0.8551886295241934	0.03851134347236247	0.4820312240717852	134.0	4.330000000000002	1722487662.4464338	7.658743191721133	0.9575149763186228	5.3
2016-07-31	0.8724129092380271	0.03682937382447063	0.5062587113773489	140.0	4.343000000000003	1682518070.5575545	6.546599977954145	0.8995910223377346	5.0
2016-08-31	0.8938932115405379	0.06785939773078943	0.5804182358290468	129.0	4.342000000000001	1746790801.6828494	5.4420123792270525	1.2884035460878358	5.0
2016-09-30	1.6447084537985213	0.008427048244359041	-0.029383588131778993	137.0	4.354	1196083574.2552242	4.439796213624339	1.1879708877376551	4.5
2016-10-31	1.702733106857352	0.012511182507183156	0.023445119837975703	141.0	4.341999999999999	1120496869.8782432	5.114450445816186	1.1634429156106998	5.1
2016-11-30	1.6602933318698831	0.015573378786409237	-0.007479853781578782	137.0	4.350999999999997	1174237627.8403413	5.455592793880837	1.0097699025861204	5.4
2016-12-31	1.6226951931440363	0.019342978942543918	0.0769814520067218	145.0	4.343999999999997	1094532045.4349074	6.263489331723028	1.032311321308	5.0
2017-01-31	1.5983977524926152	0.011901553255269736	0.03341136265315825	150.0	4.3699999999999966	1119738347.9102037	5.3230477017195765	0.9275480089370376	4.8
2017-02-28	1.6345254543566468	0.013023688786831548	0.0858003821428639	167.0	4.341999999999999	959175484.3033435	6.577529417438273	1.1175168601940677	5.2
2017-03-31	1.5553043485601559	0.007886796615692197	0.00907448717262227	168.0	4.364999999999998	1005753731.51055	5.929220975783474	1.1022811705971056	4.9
2017-04-30	1.5496823805681128	0.005736258177626025	0.02824609815821422	143.0	4.331000000000001	1120334672.7655	5.319793518518519	1.1449437373580502	5.1
2017-05-31	1.6610936122137645	0.00810507127259812	-0.10502600043720543	146.0	4.322000000000003	1071109059.1510206	5.423245772946858	1.1004922901021448	5.0
2017-06-30	1.6768109615424986	0.0054372947386504425	-0.0836539317250935	144.0	4.311000000000002	1059827495.466483	5.851469356261022	0.8955889748425447	5.2
2017-07-31	1.4178828224702222	0.004246643569011084	-0.2758977830494356	131.0	4.3260000000000005	1231398567.7608845	6.028362544091711	0.7857377296674681	5.0
2017-08-31	1.5514233232520982	0.015540546267256691	-0.17525806246330689	131.0	4.317000000000002	1207450615.4175568	6.003286485890652	0.7618106534137907	5.1
2017-09-30	1.5077206178927236	0.017243186290874672	-0.2197102518866627	149.0	4.335000000000002	1098113392.1617148	6.441850845410628	0.8503886350779912	4.5
2017-10-31	1.5243292618864566	0.015183110159923897	-0.2035353230631456	162.0	4.333000000000001	998344964.4127373	5.956111662257495	0.9026453642922296	5.2
2017-11-30	1.4335527550429987	0.0041911972659798066	-0.2804380365937709	190.0	4.348	875309542.6993066	6.810478219696969	0.8979388206599357	5.0
2017-12-31	1.4308709216539406	0.004749813278908196	-0.2858233003309012	185.0	4.351	905051108.19205	7.741667768959434	0.8382895503886932	4.9
2018-01-31	1.4282378308699408	0.0072578963366727684	-0.30845619213320585	195.0	4.374	894110163.3631227	7.632181018518517	0.8246172135731635	6.2
2018-02-28	1.0826201725297595	0.031576064660016535	0.3969067386293812	179.0	4.370999999999999	1121202908.941582	6.558106674382715	0.7329723130306341	5.0
2018-03-31	1.0773709317336508	0.029096480915854393	0.3786719508381475	188.0	4.375999999999999	1080717059.8073523	7.6779166666666665	0.7955782128378885	5.7
2018-04-30	0.9960586974124996	0.01275205646943024	0.2366351883198465	162.0	4.373999999999998	1320917371.8443327	5.966062403549382	0.8609692358670119	5.3
2018-05-31	0.9636485137029016	0.01024191623953762	0.19477927017161534	136.0	4.361999999999999	1548513410.9035478	6.042163800705468	0.8552985699194908	6.2
2018-06-30	0.8318802828864004	0.016743294564646873	-0.06090323427351674	150.0	4.373999999999999	1631753612.2615044	7.186271862139917	0.9961783819963378	4.5
2018-07-31	0.8395025959062908	0.0289193524347285	0.007174693912644692	163.0	4.351999999999999	1432746440.6597464	9.830308048433052	0.9768559520048964	5.1
2018-08-31	0.9736746096031268	0.020890697729409373	0.2501646667341788	147.0	4.3439999999999985	1376349085.5514295	11.829192129629627	1.0500220637937503	4.7
2018-09-30	1.03831177905524	0.047509842019813016	0.4197315433376172	149.0	4.327	1239345574.4320948	12.248050411522634	1.1408530261149048	4.9
2018-10-31	1.0510822079199045	0.044041407273803714	0.4160605844592915	157.0	4.339000000000001	1196706167.5722904	11.23756143162393	0.9947943026986532	5.1
2018-11-30	1.7966290579506805	0.013075333148948421	-0.11593905172219275	149.0	4.3340000000000005	1024457018.6676172	7.26514853395062	0.8633267368934429	4.8
2018-12-31	1.7625038760638696	0.010839823790433228	-0.14137564938744962	161.0	4.339000000000001	959646820.5961425	6.811101364522417	0.8941912944018368	5.0
