time	x_1i	x_2i	x_3i	x_4i	x_5i	x_6i	x_7i	mag
1968-04-30	-0.026083000724498092	-0.026083000724498092	-0.026083000724498092	-0.026083000724498092	-0.026083000724498092	3.506	0.0032484914712359128	6.6
1968-05-31	-0.021114748516080303	0.011893964909297505	-0.041061046999400164	-0.055603501145024437	0.03465127584017913	3.3088888888888888	0.0003529706686294875	4.04
1968-06-30	-0.007018703517689406	-0.04000302565070357	-0.03617609325741911	0.051162450279993	-0.06693101326613449	3.54	0.0005783864062892363	4.42
1968-07-31	0.00919367467787513	-0.08926564594537245	0.04296367070003049	-0.0006186527556126807	-0.018232810551348955	3.4863157894736845	0.00043163342452019195	5.05
1968-08-31	0.002982619697098121	0.027640479959298525	-0.034054573074609566	0.02022983718740801	-0.01808230801019739	3.464	0.0012877795183191027	3.74
1968-09-30	-0.011729694313835193	0.10204786894423136	-0.001687118752266792	0.0037876779632659563	0.01159464922822162	3.13	0.0007253069142774452	3.95
1968-10-31	0.0030347783300461732	-0.011729694313835193	0.10204786894423136	-0.001687118752266792	0.0037876779632659563	3.625	0.0007102602053355543	3.57
1968-11-30	0.12570886835404238	0.002043413074416245	0.032430464290724485	0.13115868842657874	0.008586228775594673	3.1919999999999997	9.360396185494211e-05	3.75
1968-12-31	-0.02807612103001489	0.08592651557168217	0.1167679008887581	0.012090891601689524	0.07131381163162742	3.33	6.835520545531806e-05	4.61
1969-01-31	-0.06463449987465575	-0.09544984745045017	0.0026683077559277453	-0.02807612103001489	0.08592651557168217	3.393333333333333	0.00020277747538354933	4.75
1969-02-28	-0.0770026337759997	-0.05264180575714384	0.059240880536317375	-0.04212515817199214	-0.1367143568278275	3.17	0.000426474230573084	4.35
1969-03-31	-0.05171457237706712	0.01854057726704661	-0.010934432532038851	-0.0770026337759997	-0.05264180575714384	4.35	0.0005783864062892446	3.48
1969-04-30	-0.013823345036410029	-0.0900382365515211	0.047412546996495886	0.01767205847573572	-0.03767117809359899	3.465	0.0007202659677793986	5.46
1969-05-31	-0.05007814668124255	-0.031120729953054038	0.04732090426179747	-0.006212685721128874	-0.01585593497912896	3.804	0.0008512514339130018	4.47
1969-06-30	0.04685331831724526	0.05323261096761578	-0.024476692956614917	-0.05007814668124255	-0.031120729953054038	3.1766666666666663	0.0005049288057153085	3.87
1969-07-31	-0.011017163379265504	-0.02052807188899819	0.016804703997641557	-0.03357448826602094	0.019515615343961068	3.351666666666667	0.0006523278237838152	3.54
1969-08-31	0.17809917792534802	0.019352388247287463	-0.016765051062129332	-0.015184675029087382	0.017245479654225182	3.1825	0.00019130456177537548	3.96
1969-09-30	0.005279037896223082	0.042475017555835486	0.023458132502767626	0.07423052887862625	0.17809917792534802	3.11	7.004823157988486e-05	3.77
1969-10-31	-0.014891717979070853	0.10634523926934224	0.14149529872405342	0.13128165438849335	-0.0402015225361374	3.2885714285714287	7.561410355674727e-06	4.85
1969-11-30	-0.12372240223257958	-0.11162912750865606	0.0014904500231436302	0.011068083601914136	-0.1664372161720047	3.5450000000000004	0.0007718299554356758	3.55
1969-12-31	-0.02994593123524392	-0.010728502009939913	0.03866291663639832	-0.06930279102071624	-0.07586184148165964	3.2575000000000003	0.0007380208649020325	3.71
1970-01-31	0.1267052997029472	0.05486934836635693	-0.01984863484187072	0.0025228885884724943	-0.008627789091289362	3.26	0.00023485412975342545	4.02
1970-02-28	-0.054790235816409405	0.031977115021107234	0.1220375186870315	0.12301133689277945	0.04959567895477246	3.38	0.00012975264273086065	3.58
1970-03-31	0.21703570871242886	0.2594842343050012	-0.0833765956622663	0.017871505564079238	0.12874182257822575	3.58	6.445094655273261e-06	3.52
1970-04-30	-0.026787337348910038	-0.05260189804551163	0.1494276599578912	0.15482059710601015	0.00919795837681825	3.41	1.8583319375922157e-05	3.37
1970-05-31	0.10337549449461347	-0.013985521014882265	-0.011844668465162078	-0.06712222702581118	0.15723785722401296	3.59	8.675464793963736e-06	3.71
1970-06-30	0.03191259464518659	-0.10106160076936123	0.10337549449461347	-0.013985521014882265	-0.011844668465162078	3.22	1.3987489389158325e-05	3.22
1970-07-31	0.005293185402219125	0.10863577742346964	-0.015162137933844022	-0.07520459981882865	0.1231752716049026	3.2	8.065519522092778e-06	4.35
1970-08-31	0.02433964804204569	-0.08517439029599716	-0.17073407745416813	0.005293185402219125	0.10863577742346964	3.37	3.993363148270985e-05	3.57
1970-09-30	0.010062728503144049	0.02842469736057729	-0.003855260188124543	0.0	-0.12720050500598368	3.264	3.550270598904772e-05	5.22
1970-10-31	-0.05345074539368922	0.0038082297557335827	0.028222748871090886	0.002898816675736437	-0.2848564703230916	3.275	0.000197934877206804	3.64
1970-11-30	0.07766228792414331	-0.02934679006646568	-0.05218767292521842	0.008488415148056205	0.083865541662838	3.22	0.00013044696291368677	3.45
1970-12-31	0.1069427031214043	0.01278120389449233	0.04245041217581913	-0.05675220230315125	-0.015406299099672616	3.33	6.71068216069161e-05	4.28
1971-01-31	-0.11143063928936824	-0.01643383950959154	0.014722433980129956	0.08364090891874465	0.017865339042752337	3.645	0.00017678911164213535	3.99
1971-02-28	-0.11735581002017548	0.061077661019736114	0.17427440862488375	0.009404967401019482	-0.09089787408681184	3.9	7.442613342763904e-05	6.6
1971-03-31	-0.053374601067569305	0.008388178971003413	0.037227996177710665	0.03551428133497203	-0.0224460866635432	3.4288	0.0003948555344180265	4.3
1971-04-30	0.03989872062968125	-0.009201737081654835	0.01635095636815409	-0.06926933834967497	-0.04794658011452689	3.7142857142857135	0.0006570195550486267	4.15
1971-05-31	-0.04011422994241876	-0.03144780104874812	-0.032137186177622616	0.028969319108099637	-0.08797222942435623	3.53	0.001759906291900731	4.09
1971-06-30	-0.06547008235545447	0.02054554558128263	0.03563402032563423	0.05283233602708004	0.002393739060403965	3.412	0.0011843697831948662	4.22
1971-07-31	-0.04844566284068863	0.0011247585788929368	0.08647616426966452	0.03234796786850469	0.00044722721975221086	3.25	0.0006736339075306859	3.49
1971-08-31	0.038715295165051566	0.11300841222485625	0.06589028686199838	0.013102932062025284	-0.0141651707503192	3.1566666666666667	0.00013396194167621502	3.92
1971-09-30	-0.06775468690291775	-0.013882652278879748	0.09011564294744567	0.0976658967962365	0.08334740335598599	3.08	0.00012768688931873992	5.02
1971-10-31	0.12335842741517974	-0.17809649292485252	0.1253253334820934	0.17633129711228054	0.13374492683286676	3.361666666666667	9.40683435265777e-06	3.73
1971-11-30	0.013467574360838563	-0.08322862775094264	-0.11782327728555295	-0.11975761763569916	-0.04137670042995389	3.1575	1.979017590622516e-05	3.68
1971-12-31	-0.04636247976335528	-0.06850448014237552	-0.006851396304390356	0.002290428082401208	-0.01035962796657697	3.0	4.2740561395087326e-05	3.74
1972-01-31	-0.0793574336920504	0.14230410616806566	-0.03819365544916442	-0.0042475948107256745	-0.09624297102773773	3.66	2.379944922804427e-05	4.05
1972-02-29	-0.05439639955572284	-0.08263694065074499	-0.08843518058849842	-0.04357718547767564	-0.0793574336920504	3.61	0.0001526525366583749	3.82
1972-03-31	-0.05789350406786986	-0.09061935920529574	0.011920126465763348	-0.10750115975325493	-0.09087345586585416	3.57	0.00022305955734209482	4.48
1972-04-30	-0.032769514134170175	0.012448637417883155	-0.12109447911794335	-0.03838564546124679	-0.0954198727307698	3.34	0.0005677430862207817	3.99
1972-05-31	0.04150394554891968	-0.02036181881477672	0.0033537703707922084	0.015385128414256322	-0.02211318151284392	3.356666666666667	0.0004230602910384417	3.54
1972-06-30	0.053980288079347405	0.04711739392326342	-0.020817805385249244	0.010508234260260265	0.0198983391613623	3.0	0.00028556393493522084	3.64
1972-07-31	0.058399948982372114	0.07302902767690855	0.053980288079347405	0.04711739392326342	-0.020817805385249244	3.4266666666666667	0.00011519043749082188	4.31
1972-08-31	0.04268029762706349	0.047825498442827914	0.04857619299000104	0.03197506598219135	0.09989254757429	3.3779999999999992	4.755849649075219e-05	3.35
1972-09-30	0.16045687178465284	0.04268029762706349	0.047825498442827914	0.04857619299000104	0.03197506598219135	3.35	1.5698476278339146e-05	3.85
1972-10-31	-0.0137029871683092	-0.01629267360765274	0.22349614967404485	-0.0514365913970718	0.15294189790984425	3.09	1.9790175906223458e-05	3.65
1972-11-30	-0.007572491123234659	-0.16516303117944098	-0.05976310253338867	0.04470727142211284	-0.04241017542680292	3.49	9.042525459265356e-05	3.55
1972-12-31	-0.025196561313374888	-0.013830148048736168	0.05370243958960663	0.029948745485097295	-0.13716955318474167	3.3	9.686966164111993e-05	3.77
1973-01-31	-0.08802970929809506	-0.0028476409581816853	0.12026749963106242	-0.025229975950891603	0.012327666379813751	3.32	9.147525737268388e-05	3.53
1973-02-28	-0.009819724078827584	-0.05314037101594416	0.025371858821336742	-0.06666374533454689	0.10910798775664987	3.3999999999999995	0.00010366853349701456	5.3
1973-03-31	0.0789823121679305	-0.13164174344316135	-0.02752330194481933	0.048273950889990765	-0.014040457692970907	3.3366666666666664	0.00012564677910794443	3.79
1973-04-30	0.012214177553521166	-0.00715585599498647	-0.005784282439902365	-0.0459296473684494	0.05315168488865485	3.265	0.00017156982502529423	3.42
1973-05-31	0.0688821785057312	0.02628290631785135	-0.006994328159159124	-0.01928857815869378	-0.024408456103778287	3.11	0.00010660912351879123	4.12
1973-06-30	-0.0751028968790417	0.06486005820552654	0.03437373074479333	0.07117400286280695	-0.00293601317675507	3.0	8.531636369976973e-05	3.78
1973-07-31	0.04480694159478582	0.0772047405199412	0.17855234836916933	0.013206252536168028	-0.01766484613952124	3.185	8.519509825700909e-06	4.49
1973-08-31	0.05121748598677445	-0.12540040714752387	0.04480694159478582	0.0772047405199412	0.17855234836916933	3.055	1.4222088330109949e-05	5.14
1973-09-30	0.02962424446907796	-0.060505643734249485	-0.14639416078523906	0.060294704657370524	-0.1496327978622003	3.1039999999999996	4.302972926317638e-05	4.65
1973-10-31	0.083168500013586	-0.021681014133187567	-0.08418732867314338	-0.028235948069594174	-0.00869176140576955	3.32	6.628464561566403e-05	4.47
1973-11-30	-0.07734176940847592	0.05511993449369701	0.0069149419001857115	0.031096506483342605	0.00490981208287411	3.1	8.835365091690745e-05	3.39
1973-12-31	0.03050205169525788	-0.1409907312547034	0.1017681134623547	-0.0017574355355478575	0.08194016875559385	3.36	7.669461272415564e-05	3.48
1974-01-31	-0.07133580034105602	0.21536805087066144	-0.011699315847526924	-0.14153285017633155	0.12186301885005225	3.305	3.5008561200522984e-05	4.05
1974-02-28	-0.1533212981307699	-0.08176811945570561	0.16620945102571485	-0.1889494774314575	0.2109607907670328	3.545	0.00010601585457233151	4.23
1974-03-31	-0.09569934474552122	-0.05549519806890424	0.013288161228574458	0.030534604398580575	-0.09068917028179313	3.5700000000000003	0.00025400777139657275	4.37
1974-04-30	-0.0423437543293228	-0.0596777164148552	-0.010383863959200212	-0.0124597157583195	-0.02771874637733407	3.4683333333333337	0.0007354652873635617	4.14
1974-05-31	0.0679442634765004	-0.02725498952378924	0.023864934836482558	-0.09444174044687847	-0.030346442358475837	3.17	0.0005306127274145901	4.27
1974-06-30	0.10228320346284847	-0.05375319567209513	-0.056751100344655685	-0.011955024584866523	0.046923925024601854	3.3454545454545457	0.0004213609511793621	4.14
1974-07-31	0.0174971173362648	0.01910678929284071	-0.006475563845476318	-0.041130639827370086	0.09085901561781906	3.425	0.0004491654651198725	4.26
1974-08-31	0.09029894596502096	-0.007325825680971176	-0.004936062032906197	-0.06615326502034757	0.06553328929734903	3.369230769230769	0.00019318130344819962	4.13
1974-09-30	-0.07814844301233848	-0.14587563712423113	-0.07593530998100008	-0.032489499930019816	0.17616977291246227	3.65	0.0002646156161824618	4.07
1974-10-31	0.046753704326963685	0.07798286259090736	-0.11703842452994008	-0.006291314629170097	-0.14702827651190198	3.085	0.0001950721183525286	3.88
1974-11-30	-0.03880078937797493	0.0038693194784953366	0.02823390846229845	-0.08764307122848525	0.07838291352796456	3.51	0.00036349443590478163	4.08
1974-12-31	0.11057540179662496	0.07546166298905742	-0.03278674993641828	-0.06707073834773625	-0.07025354631931258	3.21	0.00023704859183263052	4.36
1975-01-31	-0.007621953809107129	-0.035564147245124016	0.01341947123902254	-0.00801583774511383	0.11057540179662496	3.37	0.0003077405902652166	4.84
1975-02-28	0.06328537442945881	-0.011802193179326737	-0.02333927491940635	0.008952748694784574	0.0019312232688681874	3.499166666666667	0.003662630505396882	4.33
1975-03-31	0.05084119380695973	0.009664370797832887	-0.03983797506249265	0.06980737289996009	-0.011868096628883995	3.39	0.002992336103481813	3.61
1975-04-30	0.1328475021597002	0.04960947365823887	0.047131674071178235	0.05145600555189312	0.07853518468973009	3.245454545454545	0.0001283726139177214	4.19
1975-05-31	0.044850194079680834	0.047463013267873284	0.01706748110737033	-0.046126002236209766	-0.05529789050295841	3.3678571428571433	0.00011083498062537229	4.56
1975-06-30	-0.09441184389201428	-0.014281219510615006	0.0006566406092143318	-0.11355573458949066	0.02167270227350393	3.835	0.0005530843701478053	5.28
1975-07-31	-0.03967380579016522	-0.03474166066496975	-0.05394226748988351	0.048785207525167566	0.07824053360312155	3.4850000000000003	0.001138402589701111	3.66
1975-08-31	0.00819550128179358	0.06976770537360788	0.07634105286775827	-0.02111780900447313	-0.020136144057536942	3.244	0.0004030011546854308	4.9
1975-09-30	-0.03913035895217243	0.09916335959305199	0.04238816746421581	0.0020031556942929907	-0.00022200343284239918	3.47	0.004018952054011279	4.8
1975-10-31	-0.005340471887470333	-0.04678359180703473	0.018639685476308343	0.02473306489089755	-0.031778551941109456	3.34	0.00461579213593251	4.17
1975-11-30	0.1211744942745734	0.036724162438846575	0.015082230644035466	-0.005340471887470333	-0.04678359180703473	3.155	0.0013973447926654665	4.48
1975-12-31	0.12407205543172185	0.03247937754139718	-0.011763891915592906	0.054943752288231014	0.1163989612623938	3.196	0.00042647423057308784	4.21
1976-01-31	0.06224051234351057	-0.044919626161208585	0.0141930630314413	-0.06847262666781173	-0.09841003640435853	3.39375	0.0005266001910183835	4.99
1976-02-29	0.038210280921832866	0.011804046583586471	0.06850509654554049	-0.003105219953829064	-0.02940372853922024	3.4360000000000004	0.0019965627097138787	3.99
1976-03-31	0.06878278142275174	0.07624333118684934	0.0860794872273396	0.012421869053713673	0.007501903503754349	3.456666666666667	0.00041294019069561917	4.3
1976-04-30	-0.06555591197261146	0.18636754096546795	-0.18977750041841654	0.11788200516872414	0.1198642175602802	3.3000000000000003	0.00013184425481300828	4.47
1976-05-31	-0.03006278078716118	0.0021455088912534226	-0.011528799319977079	-0.13265864092756185	0.019283628308961687	3.51	0.00022305955734209482	4.6
1976-06-30	0.02279375513695303	-0.060772657782602435	0.0803094012905683	0.029243812724043524	-0.08661142113704612	3.236	0.00028052602495793157	3.73
1976-07-31	0.08921781542036689	-0.007487360834747214	0.10823615805944288	0.02470934190006635	-0.1210076588339517	3.23	8.28485562262373e-05	4.05
1976-08-31	0.1368917044096336	0.031176118028334757	0.0071741259358564236	0.04442495004504221	-0.002223935037038105	3.1875	3.451996855261375e-05	4.32
1976-09-30	0.06747828845715342	-0.027023233617942788	0.03895134221381391	-0.06710410934586775	-0.05244100005535568	3.07	6.87753930098338e-05	3.67
1976-10-31	-0.005212467857078407	-0.011430792131305713	0.06747828845715342	-0.027023233617942788	0.03895134221381391	3.24	7.715478417802098e-05	4.29
1976-11-30	-0.009385808121285866	-0.13727362226071627	-0.07896892187109739	-0.042390618502613935	0.1108648268983814	3.16	0.0004247647145007317	5.06
1976-12-31	-0.041860323562573735	0.02466075237562615	-0.04520535454529551	-0.011904526735393106	-0.05939805889678984	3.295	0.002101238989061175	3.82
1977-01-31	-0.008254988415009934	0.11028875464435316	-0.01112401393153306	0.025890887837275774	-0.02966082157746908	3.0	0.0010436943940788528	4.27
1977-02-28	0.0350698767413653	0.002951161757019705	-0.058899572660670585	0.007523284508938798	0.07714083989515896	3.69	0.0010469771993790763	3.8
1977-03-31	0.06464395896755183	0.061637067690798464	0.09654467574153223	0.14952595683576242	0.0350698767413653	3.2675	7.996174188209184e-05	3.6
1977-04-30	0.020447718862689482	0.10294997793131412	0.026264429750550992	0.03466744271503752	0.0191614375486302	3.18	2.416130123152033e-05	3.68
1977-05-31	0.06847558387078068	0.2293811078074326	0.018218129262383757	0.06777733173958866	0.05037035212308605	3.135	3.1812770679278287e-06	3.52
1977-06-30	-0.01807766133376787	0.2363340269697389	0.025137178937731708	0.1203812258165422	0.07929215892860908	3.56	1.211104019386526e-06	3.92
1977-07-31	0.11653421322603474	0.15287554875196308	-0.08669706186517168	0.019369594466887685	0.16732612597877194	3.17	3.6013198336538146e-07	3.55
1977-08-31	-0.14716739742308516	0.16574539002486466	0.1053421405820627	0.14063320601079998	0.1264256978117544	3.4000000000000004	1.7190497434545666e-07	4.37
1977-09-30	-0.056206253805358035	-0.16870223605044865	-0.228419879759993	-0.026338788066989416	0.25049284901211344	3.0	1.6780597537941966e-06	4.02
1977-10-31	0.033186805338024435	-0.14582672698530594	-0.024912799305728758	0.10492250149824467	0.01042377638247105	3.2075	1.8003792379326077e-06	3.96
1977-11-30	-0.023968480297541284	0.10444421113107173	0.1722082780580283	-0.20379484944035145	-0.19260391096787546	3.196	4.217628208735279e-06	4.09
1977-12-31	0.03253774563012657	-0.01563785402215201	-0.06727024373105994	-0.1575046304039407	-0.06424474584367768	3.27	6.386589597960251e-05	3.44
1978-01-31	-0.11028978397861278	0.10259222044463856	0.2746934778189951	0.03253774563012657	-0.01563785402215201	3.218	1.0099067302557593e-05	3.37
1978-02-28	-0.007804235759257816	-0.0142160034258505	0.15334597044465048	-0.014868229026281819	0.017543980189371755	3.24	3.080695021976845e-06	3.69
1978-03-31	0.18344406925189127	0.051032192304772295	-0.08779492029756697	0.09398047772625806	0.12358724306353965	3.27	6.164228292237904e-07	4.8
1978-04-30	0.051486417200535366	-0.023524793595732785	-0.08186311104734467	-0.0571770296754599	-0.23145878498454156	3.0420000000000003	0.00020277747538353195	3.96
1978-05-31	-0.039985408444496606	0.052530814271740216	0.001305373445555702	-0.017196245295309387	0.043339741394257565	3.28	0.00024485218015028786	5.03
1978-06-30	0.054373054267057734	-0.023717995026845132	0.17079608944400793	-0.0386668695312784	0.008737064641917591	3.3500000000000005	7.487553593021796e-05	4.42
1978-07-31	0.04726516196381758	-0.13012043915814075	-0.14282932089717693	0.054373054267057734	-0.023717995026845132	3.205	0.00035595388570571564	3.84
1978-08-31	-0.00535350311788152	-0.05305587168304804	-0.029776248342971545	0.02022235133458272	-0.011556467508323063	3.375	0.0005935313606052332	5.08
1978-09-30	0.23090030764810374	-0.005331532878270817	0.03134089275056762	-0.11785325000959568	0.078044146819497	3.1766666666666663	2.865303903166968e-05	3.83
1978-10-31	-0.11302841428219625	0.11756223286350333	0.14865904801540375	-0.00945948960888976	0.0479592096471495	3.66	6.075034090965802e-05	3.66
1978-11-30	-0.005963711105860582	-0.042349793151177366	-0.11302841428219625	0.11756223286350333	0.14865904801540375	3.235	8.48182352464633e-05	4.27
1978-12-31	0.13564799863599752	0.01644727779146815	-0.1156804629638486	-0.03843558200708719	0.10614221236340016	3.0239999999999996	3.625443369715544e-05	3.52
1979-01-31	0.14566543532591125	0.0	0.1895355296929828	0.11590130198405425	-0.0032893359698586977	3.0	4.392876458193774e-06	5.21
1979-02-28	-0.02081491427375948	-0.0455519304888572	0.07286448508385335	-0.019673410972641525	-0.014390370751531822	3.4	5.383321396378888e-05	4.2
1979-03-31	-0.0184997386115775	-0.11762600681782474	0.033438936478551666	-0.0009618899836947304	-0.017535695160849633	3.06	9.414216039127613e-05	5.23
1979-04-30	-0.035372224972275434	0.014543061805313506	-0.037913336133917015	-0.022906986952041075	0.014370235368465822	3.4400000000000004	0.0011384025897011414	3.5
1979-05-31	0.004038577430949708	-0.009642863669207635	0.0733900656054216	-0.035372224972275434	0.014543061805313506	3.1950000000000003	0.0007127521514942075	3.69
1979-06-30	0.10415853842902313	0.2012482246427827	0.20954279716723498	0.09149941619134094	0.027077993182480282	3.1825	8.289938406326891e-06	4.83
1979-07-31	-0.25253222793868724	-0.057766264928787336	-0.006695132237913848	0.031836036968041936	-0.23586081003131154	3.7642857142857142	0.00018667383128792548	4.0
1979-08-31	0.008405838481652328	-0.02212597216445822	-0.04515504523359115	-0.07676788476251528	-0.25253222793868724	3.23	0.0004764448446555718	3.93
1979-09-30	-0.06783746610151553	-0.0344417028579882	0.014798363580611484	-0.0277269464335943	-0.03459971755696612	3.5	0.00102738972089076	3.74
1979-10-31	0.061277462286130076	-0.017245819539043028	-0.09149418839283374	-0.0011282008381567898	0.008405838481652328	3.28	0.0006664765471604457	6.4
1979-11-30	0.057116194695250526	0.04202555452322687	-0.031071996273297712	0.020674465044322018	0.07032849264317242	3.47	0.00014269778123590044	3.43
1979-12-31	0.11466415254342845	0.035923454622014406	0.0023798105437571326	0.08997504182934546	0.019600285813880847	3.24	4.048283496626142e-05	4.75
1980-01-31	-0.04709623649751582	0.035658014630037586	-0.23607934406068945	-0.07650576855244551	0.20941411511488828	3.0	0.0002459827103875708	3.99
1980-02-29	0.033101713559697155	-0.0016166893069484713	-0.06717712206792714	0.2607078128263087	-0.12013635267146715	3.065	8.481823524647096e-05	5.34
1980-03-31	-0.0022472310631169727	-0.06940149958558073	-0.11519991986653676	-0.14402272676576902	0.06683587869398377	3.515714285714286	0.0004895856095230349	3.63
1980-04-30	0.1765153575062084	0.07503558788613529	0.09423299943921748	-0.0479237232698595	-0.014199215270870981	3.07	4.5098069643132455e-05	3.58
1980-05-31	0.007407398119441798	0.06355340040970847	0.1765153575062084	0.07503558788613529	0.09423299943921748	3.01	2.7623299827765937e-05	4.9
1980-06-30	-0.1605446002576323	-0.11285608414179428	0.1611313850988767	0.007407398119441798	0.06355340040970847	3.53	5.999063448721271e-05	6.3
1980-07-31	-0.01733039639020495	-0.018458849132734656	-0.020820468108444512	-0.0028744578762034396	-0.09302015167816524	3.183333333333333	0.0006641030858712657	3.6
1980-08-31	-0.03122114014781618	0.17131718812102248	0.04592386146565852	-0.03379920866223829	0.015579974733659796	3.35	0.00019037144711566093	3.64
1980-09-30	-0.03182276273441853	0.2688821484592248	-0.03122114014781618	0.17131718812102248	0.04592386146565852	3.72	3.70189123004762e-05	4.5
1980-10-31	-0.2354891447652565	0.16651527099859886	-0.02065708152127144	0.2914557972623384	-0.02362157580175728	3.885	5.558940334920361e-05	4.55
1980-11-30	-0.098714239648231	-0.04121955915168285	0.01435163090108338	0.030029256927433856	0.0073253502442436344	3.385714285714286	5.6664806534401126e-05	3.4
1980-12-31	-0.030555167325045707	0.01775292523732896	-0.098714239648231	-0.04121955915168285	0.01435163090108338	3.15	6.190420300743994e-05	3.71
1981-01-31	-0.046231944614793415	-0.00261448882614701	-0.014113661653835319	-0.07119320608314328	-0.11125974869429256	3.25	0.00010366853349701456	3.62
1981-02-28	0.09845880661664252	0.16342291797772845	0.16394972627673846	0.03215688574261155	-0.033023981221165684	3.34375	4.048279657371454e-06	3.63
1981-03-31	-0.006822625229722767	-0.04354034967452991	-0.02927649019452638	0.09845880661664252	0.16342291797772845	3.53	7.017604709708667e-06	3.73
1981-04-30	3.1086244689504387e-15	-0.006822625229722767	-0.04354034967452991	-0.02927649019452638	0.09845880661664252	3.35	7.017604709708522e-06	5.75
1981-05-31	0.010034343133298871	0.031980677468283265	-0.01451856301924792	0.018365042023861692	-0.05309867668050505	3.4003125	0.0013378732957262894	3.33
1981-06-30	0.054099574990088106	0.023269613064938244	0.04462263235752795	-0.005202063146770519	0.014265259151228338	3.33	0.0007003554835654387	4.02
1981-07-31	0.03909530312765641	0.16969090136477094	-0.02802798399930761	0.06254247532231194	0.008263329083459503	3.143333333333333	0.0002199226422447801	4.3
1981-08-31	0.1726989899130844	-0.06490761543414325	-0.0036892985189525	0.033150413116079136	0.17472076223477415	3.394	7.669461272416175e-05	3.57
1981-09-30	0.10777588473796706	0.14973584260037032	-0.0579196109809339	-0.017548031706591027	0.12715305710396185	3.24	3.0146615684739203e-05	5.45
1981-10-31	-0.027546839831898984	-0.09777214837265924	-0.04891565828179156	-0.2414936664260285	0.10777588473796706	3.3	0.000532627398912789	4.76
1981-11-30	-0.027919167940501418	-0.07970434152038708	-0.053203442107923486	-0.027546839831898984	-0.09777214837265924	3.02	0.0016177237368797718	4.71
1981-12-31	0.012402756086949185	-0.03715802587196526	0.006036964637375575	-0.14182821696171166	-0.021514739469237883	3.33	0.0022372174929621838	3.59
1982-01-31	-0.00550013196893917	0.022035663134536757	0.0366943092266685	0.03184526855099523	-0.059686621588917466	3.03	0.0013574970543637384	3.64
1982-02-28	0.0237106240755266	-0.00550013196893917	0.022035663134536757	0.0366943092266685	0.03184526855099523	3.335	0.0011524100144823528	3.87
1982-03-31	0.010284697248888808	0.0500298777609105	0.04755787454390892	-0.03714005200461723	0.15290560762323846	3.2425	0.0002755555513302085	4.62
1982-04-30	-0.06576791519318115	-0.04787402606371227	-0.08716193154716989	-0.06297666370127453	-0.050975620060265125	3.45	0.0007771287385775109	4.01
1982-05-31	-0.11522994266155218	0.0852888325040504	-0.04360229336849497	-0.06576791519318115	-0.04787402606371227	3.5980000000000003	0.001291585557945506	4.36
1982-06-30	0.028460387306903586	-0.011363766445843028	-0.0477663753735601	-0.04149146291644956	0.0530329438413808	3.438	0.001020918729798691	4.81
1982-07-31	0.01780866891095756	0.03346109459276714	0.07096105831703636	-0.04643845111011991	0.10311728527097264	3.1660000000000004	0.0003227652726441977	3.46
1982-08-31	0.025494760535789363	0.13891852159913265	0.01780866891095756	0.03346109459276714	0.07096105831703636	3.2	0.00010366853349700948	3.62
1982-09-30	0.03748125947703729	0.03471446452485094	-0.01301309511855231	0.07077907319468091	0.11697712332752007	3.42	6.547046925763177e-05	4.17
1982-10-31	-0.048806568560616936	0.060633228906848975	-0.015568119252064916	-0.015188409026401397	-0.08518992740668585	3.3723529411764703	0.00015186826824452852	5.4
1982-11-30	0.06889787594193919	-0.009310140784421495	-0.1903083291593285	0.01981374280589732	0.04393012749338698	4.09	0.0016266495397020415	4.09
1982-12-31	0.010869793871090772	0.06889787594193919	-0.009310140784421495	-0.1903083291593285	0.01981374280589732	3.27	0.0015089839239384919	4.04
1983-01-31	0.06506278907343478	0.05930558628376548	0.03294415291336139	0.08432435481000244	0.010869793871090772	3.498333333333333	0.0002842981042666203	4.03
1983-02-28	0.30007113846438305	0.01430114669903859	-0.011892545716320813	-0.05149361149880538	0.015545601226935268	3.303333333333333	4.631522023291576e-05	4.38
1983-03-31	-0.1390359334491531	0.17267781318262188	0.25802299866374695	0.006435947812477583	-0.07047874563681389	3.42	5.418086743464332e-05	3.72
1983-04-30	-0.053796216101073435	0.013141142414785143	-0.019803274335749018	-0.10022040326246118	0.22669375336708095	3.146666666666667	7.221096694700302e-05	3.6
1983-05-31	0.10050889358931793	-0.001656878946360241	-0.03839366662091615	-0.053796216101073435	0.013141142414785143	3.095	4.755849649075423e-05	6.7
1983-06-30	0.0153696613223111	-0.016484187121620142	-0.032150900731312985	-0.044842947023459256	-0.029456066345681545	3.4128571428571433	0.0005029917906058794	4.65
1983-07-31	-0.0466274794505217	-0.038119402689247066	0.05149361149880405	0.01012447511621195	-0.02165651619219755	3.654	0.0004708935738219872	5.37
1983-08-31	0.014139521538205526	-0.05174672118495849	-0.006546266537958535	-0.040704506789302035	-0.027436926336792733	3.6116666666666655	0.0033708187200347877	4.27
1983-09-30	-0.011380026099042541	-0.02407035450046091	-0.05027637179490863	0.018253270694706614	0.09373430433782637	3.5	0.003400029397028337	5.47
1983-10-31	0.07339173698538626	0.0435657507174102	-0.047399648309126914	0.04555874661654735	-0.0603466690285388	3.29	0.002425595928800692	4.52
1983-11-30	0.03066596329017435	0.06547167093660866	0.025727201947891017	-0.008292144086247899	-0.06524659819524059	3.335	0.0011176171425544938	4.06
1983-12-31	0.09471590888545768	0.005089406352247528	-0.08820848621981092	0.05176103355371597	0.0564297069858033	3.43	4.332046224097745e-05	4.32
1984-01-31	-0.07464797983864524	-0.11300546631428075	-0.07075523199526579	0.12089471528875315	0.13210277620211164	3.2750000000000004	2.565365441148688e-05	3.8
1984-02-29	-0.015145820283007259	-0.09668708416770698	0.07704940625818213	-0.02231663563926634	-0.07464797983864524	3.4466666666666668	3.805832245457135e-05	4.23
1984-03-31	-0.2125099698243913	0.011353186672820705	0.009162159024514116	0.009050273771835649	-0.015145820283007259	3.7775	0.00013467366913720054	3.85
1984-04-30	-0.010874271539824676	-0.1607647904453573	0.17790517809669715	0.044010525195138366	0.058359590126975995	3.2875	6.426408396630741e-05	4.15
1984-05-31	-0.050213796803457056	-0.17412310184547453	0.16073444972535	0.013388652120124522	-0.05865777147504225	3.5085714285714285	0.00017678911164214332	4.4
1984-06-30	-0.00696040316292046	0.01817408621944816	0.07447265121513658	-0.15076250859540985	-0.03756272796959737	3.43	0.00031178491402615523	4.3
1984-07-31	-0.006145494268697371	-0.00792171154848198	-0.03954011703634941	-0.016740214387831017	-0.00696040316292046	3.3433333333333333	0.0005068713093706673	3.9
1984-08-31	0.06504185992721845	0.08069378371324376	0.06979168327870823	-0.02154751537584509	0.024874225620552748	3.3000000000000003	0.0001139326415608491	4.21
1984-09-30	0.0018336112082786293	0.0883961308424479	0.09413680719548734	0.012364439541303618	0.05641303031914612	3.0	5.812434995069093e-05	4.31
1984-10-31	0.04975448240114266	0.037649270305119664	-0.06426202987538067	-0.03869754801657499	0.01826559521880333	3.3150000000000004	6.229266462628866e-05	4.56
1984-11-30	-0.1662607308214863	0.01370187032758885	-0.02613016937473089	-0.09417319381080058	-0.0027097700331077945	3.8	0.0004179774862433564	3.84
1984-12-31	0.0011671319897197385	-0.03983777130580979	0.05422543419700165	0.0	-0.17264855335557816	3.545	0.0004179774862433683	3.81
1985-01-31	0.10610832771478584	0.0011671319897197385	-0.03983777130580979	0.05422543419700165	0.0	3.77	0.00020082968478713032	3.8
1985-02-28	0.12106065940343358	0.049536510183469266	-0.0006903859818601088	-0.015387997772721153	0.045046098047933913	3.3825000000000003	6.547046925763631e-05	4.61
1985-03-31	-0.053972666513445455	0.09213960120490737	-0.011065109478030077	-0.15830433737404026	0.10516269317033644	3.53	0.00016815672328353358	3.4
1985-04-30	0.05224889795416732	-0.04682784125939854	-0.022758293889954432	0.041006242327675135	0.05039983125221848	3.18	0.00012632397987416961	4.07
1985-05-31	0.05773992862563549	0.01092899821557447	-0.08241960304565699	0.05613748205163649	-0.07812411006400555	3.19	0.00014344519356061328	4.41
1985-06-30	0.039598520043616185	-0.043660299223736265	-0.026221215402153275	-0.08584780582604967	0.008393223529088667	3.233333333333333	0.0004350985153291959	3.9
1985-07-31	-0.012680602068652071	-0.12357504915206707	0.02325439022518649	0.07529161231679549	0.0461928817953301	3.1	0.0004599346105755755	4.02
1985-08-31	-0.05363757212530662	0.027471575987099817	-0.034554989669965286	-0.1137014240072498	0.014916193163366563	3.0	0.0005957183472898511	5.6
1985-09-30	0.014278102529494354	-0.063731080420527	0.0016534284688087821	0.08591700587882299	0.007104593806140923	3.322	0.0020120337117879913	3.14
1985-10-31	0.17845394168741002	0.2853574689896594	0.1500560757711632	0.016931524308748225	-0.059347789315610126	3.03	2.823748139077607e-05	4.58
1985-11-30	-0.01855550711395737	0.11646943053687694	0.10830112088133537	-0.08506345600026544	0.14517832579436266	3.258	2.565365441148856e-05	4.5
1985-12-31	-0.07434873374814921	0.020527270378234874	-0.1523385757363669	0.05018329906293895	0.1736190751131692	3.47	6.628464561566849e-05	3.27
1986-01-31	0.2244112214158882	0.08575966170723626	0.08011842410804326	-0.0762734172850974	-0.05266560395759234	3.11	5.363347039515433e-06	3.36
1986-02-28	0.03183756458453435	0.2244112214158882	0.08575966170723626	0.08011842410804326	-0.0762734172850974	3.015	4.304504889581418e-06	3.94
1986-03-31	0.07306643103030308	-0.16599492463909482	-0.018951099790489367	0.03183756458453435	0.2244112214158882	3.01	9.323135274337683e-06	4.14
1986-04-30	-0.0259383111814655	0.014365217590234904	0.07306643103030308	-0.16599492463909482	-0.018951099790489367	3.36	1.0099067302558167e-05	3.67
1986-05-31	-0.02752624937061321	-0.10559765621288242	-0.09314076252238457	-0.08824401933041348	0.18612960099077624	3.4266666666666663	3.779629828878992e-05	3.86
1986-06-30	-0.15995982587125535	-0.03265266286772772	0.19860106138098452	-0.04931568631621541	-0.05959277428945775	3.48	3.7535725770073135e-05	4.28
1986-07-31	0.03688195311867837	-0.1711525524537545	-0.04860326583887376	-0.13835088048194222	-0.05396292029339489	3.2	0.0002272950181248628	6.0
1986-08-31	-0.04868708654873077	-0.03644350632389859	0.1077160018575536	0.058089752715694276	0.006081329282373149	3.404705882352941	0.0003997280430010954	3.87
1986-09-30	-0.11114710340858204	0.09761212443177204	-0.01876417927867147	0.03229915825548857	0.06157606461909236	3.310714285714285	0.00011902885939706534	4.18
1986-10-31	-0.028967168717133337	0.030796023476105994	-0.005500852204715967	0.006413501695582635	0.051829603857726836	3.3783333333333334	5.8865243182078234e-05	4.48
1986-11-30	-0.09345482992320564	0.035541054318620084	0.0497055491809939	-0.0643857086377364	-0.0935845682179215	3.6325	0.0003158690915443313	3.97
1986-12-31	0.09020259264195583	0.08739223432154497	0.06130694985821261	-0.031244169071052538	-0.020113161586998496	3.16	5.314323805665239e-05	3.7
1987-01-31	0.07842619429439268	-0.0690599399400249	0.02840949188054132	0.04534054240580798	0.09020259264195583	3.35	2.992947830767423e-05	3.67
1987-02-28	0.060391880321292835	0.009227070504693735	0.2548660861605858	-0.09254073667189312	0.06460615682333515	3.25	5.3633470395150825e-06	5.38
1987-03-31	0.008242842356622315	-0.0222318366148242	-0.17613730527917992	-0.059622864257096835	-0.09379789404011518	3.377142857142857	0.0002107134747953913	3.7
1987-04-30	0.20629575420712265	-0.022325491940480724	0.04319123085085863	0.0013660977044447351	-0.018001717531969996	3.116	4.600849885735021e-05	3.65
1987-05-31	0.10594842848803987	-0.033864647643854	0.0	0.13572596021788866	-0.013922174996358729	3.1275	4.103808167483669e-05	4.12
1987-06-30	0.04058885730618056	0.0039387842026101785	-0.008892245052818605	0.04153546942231556	0.03569152546870513	3.1666666666666665	3.058470853427174e-05	3.77
1987-07-31	0.02288211895509606	-0.0025114992730974612	-0.1258711601296305	0.05641356643399197	-0.005479790343348778	3.188333333333333	9.57609786634774e-06	3.65
1987-08-31	-0.0366956736942794	-0.12947539602382352	0.0547246070946672	0.01445475679262742	0.01804453094558212	3.1950000000000003	1.7577249933436212e-05	3.84
1987-09-30	-0.06019213213469921	-0.08034343347013895	-0.012888767069844098	0.11494495905911405	-0.048816774432344	3.71	2.642737032098425e-05	3.71
1987-10-31	0.1039770050371318	-0.07446302620747591	-0.06019213213469921	-0.08034343347013895	-0.012888767069844098	3.09	2.155321265618368e-05	5.9
1987-11-30	0.014410387087997134	-0.015291876353374478	-0.047031082238896516	-0.03324668188310942	-0.01411534700594186	3.085	0.00402711160888467	6.6
1987-12-31	-0.02472793166199172	0.03322694222284195	-0.07934897958006992	-0.11996302287633866	-0.1303795481691954	3.4078125000000004	0.00018484581021883297	4.57
1988-01-31	-0.017901389321874683	0.0473651833103681	-0.007225867067701453	-0.014730098195794294	-0.031280213332126605	3.333333333333333	0.00031043238980691816	4.67
1988-02-29	-0.09712495326709568	-0.0785670107200025	0.05551072432197146	0.03831353331012522	0.2190651450818819	3.53	0.00012033022037152669	4.69
1988-03-31	-0.07077932988568048	0.013557476128933654	-0.16113295777629344	-0.1257658061807163	0.05967935438366245	3.5745454545454547	0.0002868340158342571	4.01
1988-04-30	-0.07424337640236113	-0.053996071391283484	-0.015939920450722234	-0.04216568245059072	-1.5543122344752194e-15	3.45	0.0007560899075415952	3.79
1988-05-31	0.028417483736175694	-0.00755136993168537	0.0454238362285434	-0.010970924278977723	-0.02737021295026809	3.3960000000000004	0.0007744760806124893	4.26
1988-06-30	0.027066374217931344	-0.018257450340062542	0.09428383303795428	0.011707878639858673	-0.030747792101996407	3.5966666666666662	0.0005088193105523797	5.37
1988-07-31	0.020581175818029433	-0.01478760251188049	0.034087452213033886	0.08027023520480614	0.038423840457299296	3.4025000000000003	0.0004230602910384564	4.4
1988-08-31	-0.024693871810808957	0.05601504184519568	-0.01053362704964389	-0.05983768766747999	-0.05868506380997762	3.2100000000000004	0.0008512514339130401	3.99
1988-09-30	-0.04159908830491088	-0.010122605497137949	0.11761604796570713	0.034278284867061526	0.08288687397174943	3.2471428571428578	0.00024036947641951372	4.04
1988-10-31	0.2127605061520568	-0.03349212436832105	0.06279496575469201	0.14397870891275846	0.04519555127075292	3.293333333333333	1.2222681480091326e-05	4.18
1988-11-30	-0.07929895393087683	-0.0597185280123822	0.051092987584029366	-0.002481217702640315	0.011106758130993157	3.62	2.2055595019228545e-05	4.83
1988-12-31	0.1054329242799723	0.002799313678609305	-0.08486912976481475	-0.019061538027389743	-0.08729614804791264	3.15	2.5653654411489872e-05	5.03
1989-01-31	-1.7763568394002505e-15	-0.12270806645938535	0.04485566084013248	-0.1179155507318772	0.0504719244648284	3.155	0.0001297526427308731	4.96
1989-02-28	-0.05813217506121315	0.12573495366322596	-0.004736094815516401	-0.038543480394197305	-0.10585533391230516	3.21625	0.00014722781458154275	4.1
1989-03-31	0.06620136673641319	0.23255817220342226	0.010795406229822335	0.06602617032753821	-0.050604718883371584	3.1725	5.105382042942677e-06	4.58
1989-04-30	-0.10031925286029852	0.10568250224163966	0.003803722965489476	-0.006096798710479412	0.027722544049300968	3.425	0.00013254724254566837	4.8
1989-05-31	0.10465936039696587	0.053546649505425314	-0.08328998460936242	0.005306361803701254	-0.019933581886023344	3.2416666666666667	8.28485562262407e-05	3.8
1989-06-30	-0.04093351157818725	0.13293969382461526	0.016878279697701615	0.05478038147499431	0.06686064646809275	3.276666666666667	3.403688244087592e-05	4.82
1989-07-31	0.04481428300109713	-0.0021308094622776164	-0.1099701248963707	-0.12929141540717826	0.006045820774844168	3.1950000000000003	0.00013900583164914694	3.78
1989-08-31	0.04674340822254108	0.058984716003272375	0.010029789765742871	-0.1286179425695284	-0.09139193642745068	3.085	8.432239756970426e-05	3.64
1989-09-30	0.06224630556942822	0.030158448927947838	0.09391130823163008	-0.04405502961079577	0.07316281703221694	3.13	2.992947830767423e-05	4.0
1989-10-31	0.020390258741064482	0.03213132725239665	-0.0237069308778024	0.06224630556942822	0.030158448927947838	4.0	2.452760714260573e-05	3.43
1989-11-30	-0.027483179669201	0.03286393431139545	0.06763922974526837	-0.04440628554903436	0.07883273822056802	3.245	2.5463124089414942e-05	3.59
1989-12-31	0.13134924745472645	-0.06423671625414884	-0.021856116355587485	0.360569717389126	0.02972451101476348	3.0675	1.2567814350215693e-06	4.42
1990-01-31	-0.041031499002773364	-0.060694699073411185	-0.14469666848108642	-0.0058314787558988454	-0.3815357732117859	3.3372727272727274	9.414216039126999e-05	4.3
1990-02-28	0.05883113218393299	-0.0262212154021495	-0.14952908582359625	-0.05097562006026446	0.01988363212767985	3.11	0.0002817791581435368	5.51
1990-03-31	-0.12695720667452592	-0.1220379975569892	0.05883113218393299	-0.0262212154021495	-0.14952908582359625	4.0699999999999985	0.001573600482119507	4.72
1990-04-30	0.07912303327480519	0.024115417630325653	-0.025260184099664795	-0.028772061452283282	0.04232193366208792	3.54	0.0010802086166917962	4.52
1990-05-31	0.013646994331697028	-0.10234237537593592	0.08213322866863992	0.053022677480338176	-0.05178530733917541	3.395	0.0015089839239384641	4.01
1990-06-30	0.030412778844764562	0.00343533050073952	0.10103048176398888	0.010621394011151364	-0.039760191123938686	3.57	0.0006407051594809267	3.84
1990-07-31	0.00932863605444778	-0.06312365135832665	-0.04641049936226605	0.030412778844764562	0.00343533050073952	3.32	0.001280190987044715	3.57
1990-08-31	0.10489321218788006	0.036100684359241735	0.007340819968162381	-0.053366653800146935	-0.0014338545918384238	3.0733333333333333	0.00045812662372039814	4.49
1990-09-30	-0.031221140147819293	0.005927057667785896	0.1385599674869138	-0.033727708870547435	0.05100211118917897	3.4644444444444447	0.00019037144711566721	3.51
1990-10-31	0.01861142878809829	-0.06889626275513105	-0.031221140147819293	0.005927057667785896	0.1385599674869138	3.0	0.00026943642852062216	3.8
1990-11-30	0.013973593077524882	0.20201265724091888	0.02591217206803531	0.08410791061063128	-0.05586205600807448	3.13	3.6507835425352094e-05	3.54
1990-12-31	0.024926361089776968	0.0728644850838589	-0.06271904860487676	0.013973593077524882	0.20201265724091888	3.0499999999999994	2.86530390316688e-05	4.25
1991-01-31	0.08544224237119358	-0.16850656775536788	0.1446024098743215	0.024926361089776968	0.0728644850838589	3.01	1.873080479833633e-05	3.58
1991-02-28	0.05808681325691456	0.17114638800779616	0.08544224237119358	-0.16850656775536788	0.1446024098743215	3.18	3.84465021638972e-06	3.32
1991-03-31	-0.04186758514503874	0.014661570394770784	0.0043517934657490995	0.2802096383694579	-0.07997041752413536	3.095	5.632108967017818e-06	3.88
1991-04-30	0.10081633417345226	-0.09241072129132943	-0.009814450496534954	-0.04186758514503874	0.014661570394770784	3.28	5.68718769484953e-06	3.69
1991-05-31	-0.0024737328830248817	0.006170372089721488	-0.13582663569232944	0.08250541562004621	-0.16082587569034512	3.24	1.2222681480089725e-05	3.59
1991-06-30	0.03081174280570864	-0.07876521772707368	-0.0024737328830248817	0.006170372089721488	-0.13582663569232944	3.06	1.70226401732482e-05	5.8
1991-07-31	-0.206827273215662	-0.09607014112861822	-0.28224334405958795	0.01622095281163349	0.04278676249316238	3.8110000000000004	0.00023051159796682965	4.13
1991-08-31	-0.06237857597208096	-0.07613411237300105	-0.206827273215662	-0.09607014112861822	-0.28224334405958795	3.49	0.0006001099760589428	3.6
1991-09-30	0.015623694567519887	0.10343207659340314	-0.08938228600351006	-0.15013915336195027	-0.040665656705325404	3.19	0.0003544599287889985	4.0
1991-10-31	-0.04292478314494397	-0.034384929564851514	-0.007865268648667323	0.015623694567519887	0.10343207659340314	3.285	0.0006383988411183428	4.01
1991-11-30	0.008877443564316191	0.14441607783652533	-0.06473276226297231	-0.015441797535181044	-0.04292478314494397	3.3766666666666665	0.00038524339827320013	3.5
1991-12-31	0.1549353777931861	0.11127553521960933	0.10764236028455176	0.10490430114251724	0.0029560202973784033	3.23	1.4459907216734455e-05	4.27
1992-01-31	-0.10174709993374842	-0.21295904637296048	-0.0022837891604232663	0.18205816028556665	0.08800025125849698	3.07	0.0001673116739418505	3.79
1992-02-29	0.012088512581990285	0.032706896963404564	0.030398116639156925	-0.07845470528438359	-0.11449215485283948	3.305	0.00010308810360147763	4.06
1992-03-31	-0.0358667145680025	-0.016959852719979462	-0.0035923267150017595	-0.10972352299682188	0.043729714562470656	3.41	0.00026104308633878614	4.3
1992-04-30	0.038080651585718606	0.044056442068832524	-0.11774987395349612	-0.05529245868774702	-0.031113091962196027	3.49	0.0003619768605139851	6.1
1992-05-31	0.0044168614867756695	0.051528723696484764	0.005699623592052006	-0.09575609290404896	0.011960425268424002	3.4042603550295856	0.0007878048714227803	4.98
1992-06-30	0.047801817282698056	-0.015277230779032869	-0.02828291581402032	-0.1034871987837902	0.08093618721801965	3.3875	0.0009093312484351847	7.3
1992-07-31	0.06351176252150625	-0.05197879651217829	-0.029340711593547012	-0.07685164763753828	-0.007587833321271664	3.5282661290322586	0.0043450252333539895	5.67
1992-08-31	0.04876938300513789	0.016545933896099152	-0.018347636810762458	-0.009094537524151793	-0.03852547145646978	3.3901754385964917	0.00026943642852062763	5.23
1992-09-30	0.010321681132471559	0.0162354333068564	0.02795363034304965	-0.04418906364990982	-0.05235352255897796	3.4157142857142855	0.0004333634011023941	5.26
1992-10-31	0.04048967865672093	-0.02769265475985116	0.05010434156617005	0.004606354600508955	-0.11321166095436085	3.39	0.0018560435580795625	4.59
1992-11-30	-0.02220437940230391	0.041483753769917975	-0.00929188578000173	0.025911915911421838	0.027505622805237277	3.288	0.0006023146359431497	5.29
1992-12-31	0.034261459106122334	-0.013631498588553724	-0.009961695998647048	0.027422205704990654	0.012248403851104815	3.4347368421052633	0.0006808469176761537	5.26
1993-01-31	0.02413811344286354	-0.028605804128398967	0.046666636579412064	-0.04368390694829849	0.01514231473196048	3.515	0.000779787937988946	3.8
1993-02-28	0.11710429460033778	-0.04002957182737665	0.1550801591794051	0.1345972435478242	0.02413811344286354	3.24	6.190420300743994e-05	4.5
1993-03-31	0.040278669795879685	-0.09126163036125612	0.005451151122983554	0.12376583553209965	-0.030027381085659943	3.11	8.531636369976973e-05	3.81
1993-04-30	-0.03971889202798296	-0.0402429899535377	0.0009404873399745383	0.09559080992426194	-0.07065725641792843	3.4033333333333333	8.938473885793046e-05	4.25
1993-05-31	0.022689907021651527	-0.10946009084006003	-0.017222672268695	0.14019372854531875	-0.09547708215890037	3.2	0.0001526525366583696	5.19
1993-06-30	-0.07370401883833844	-0.03982379079364118	-0.010714446216230966	0.0059773888856742285	-0.05812764099369416	3.688333333333334	0.0008828556879690348	3.83
1993-07-31	-0.02379484911349161	-0.04406177877756079	0.08330515167097086	0.01547630007862355	-0.08295358582702184	3.1	0.0007177550239667478	4.01
1993-08-31	-0.02775051114517646	0.0075513699316882565	-0.039428073149887055	-0.02379484911349161	-0.04406177877756079	3.4766666666666666	0.0010835722744556426	5.0
1993-09-30	-0.04129019156799218	0.10153469953631043	0.058605248455666836	0.004065551347160579	-0.02775051114517646	3.045	0.00046356641144145886	4.04
1993-10-31	0.06277528416234013	-0.004502962079490525	0.06369158898778249	0.03883739374520245	0.038223982896333775	3.38	9.742251615878434e-05	4.11
1993-11-30	0.0975728530143789	0.05728564643383983	-0.0686958282234491	-0.06591584223161306	0.10496055520993176	3.29125	9.797783966128732e-05	4.82
1993-12-31	-0.08979051552420314	0.0678566802481444	-0.03015125794066753	0.12272211698512026	0.009562828317109641	3.33	0.000131844254813016	4.09
1994-01-31	0.013476843231374769	0.12067846772156332	-0.02349482801335001	-0.0871191692258253	0.032729186236680315	3.46	0.00027432340343418085	6.7
1994-02-28	0.014447818258683244	-0.020360898844026143	-0.02367241777241369	0.008156494316476581	0.03445311508743687	3.516190476190476	0.002095919000866656	4.09
1994-03-31	0.01512971000409069	0.03746808304363458	0.008083807644687746	0.029910408182762364	-0.010672500566795471	3.554	0.0014135093161326735	5.24
1994-04-30	0.001505013362331331	-0.04059480653061631	0.006449815872767496	-0.0010696318279561632	0.1282884409719055	3.8866666666666663	0.0007354652873635617	4.78
1994-05-31	-0.03907402480237399	0.053621310199102656	-0.06387870732012557	-0.017559722491069296	-0.07839527653922795	3.31	0.001103909886845633	4.4
1994-06-30	0.02624941659279956	-0.026249416592800445	-0.0333985264167016	-0.03726825952556068	-0.0037441600267544843	3.4957142857142856	0.0015605271764041323	4.97
1994-07-31	-0.010779438497256488	-0.04561986254150774	-0.02928556619097966	0.02624941659279956	-0.026249416592800445	3.36	0.002820498921171355	3.79
1994-08-31	0.00169662276197724	0.10572745774377612	0.07717748035248427	0.08015030838080807	-0.021889829258567528	3.3175	0.0004708935738219916	4.85
1994-09-30	0.025725850463454547	0.006760094669039375	0.016781281574194784	0.05002729570169029	-0.08041560577472873	3.07	0.0005306127274145859	3.52
1994-10-31	0.036639942421990535	0.06175278569055843	0.06063980202516839	0.04814920976041037	0.03490067853849088	3.24	0.00018575809558309863	4.18
1994-11-30	-0.006469486059732077	0.007637829081592384	-0.030570087103167776	-0.10037053721066093	0.03327438812182537	3.3666666666666667	0.0004162933431530978	4.21
1994-12-31	-0.08225914926050426	0.11458490959581935	0.0817512566933245	-0.01326169904179153	0.026221215402153053	3.2566666666666664	0.00017591086480086578	4.9
1995-01-31	-0.027200485102452654	-0.13097902250024476	-0.03473432301153645	-0.11564225320283472	0.014714706076911275	3.4525	0.0010306361024582113	3.94
1995-02-28	0.059407195980948464	0.014339782596541896	-0.031389804625375765	-0.027200485102452654	-0.13097902250024476	3.39	0.0007691903543844985	4.34
1995-03-31	0.037569369494085625	-0.0908097061922286	0.022445373535467942	0.07361134788671309	-0.01883508523739008	3.135	0.0011772143914264553	3.72
1995-04-30	0.09357500746260228	-0.002917640671900257	0.004990753813777228	-0.0779036160383253	0.021349626504493013	3.215	0.0007405828535887647	3.66
1995-05-31	0.13920349567979762	0.003221679928028909	0.03920686845745847	0.06128169466459199	0.039293919494207685	3.91	0.00021785013100491485	4.77
1995-06-30	0.08627867230936981	0.034121954040932316	0.03884418875195439	0.0022021974685990653	0.07947632058314058	3.13	0.0001732962356359275	5.02
1995-07-31	0.019404922690541948	-0.07115867055277603	-0.024102799323650004	0.0415974376129411	0.11191665607562816	3.13	0.00022623045826431322	3.64
1995-08-31	0.039362162812548895	-0.010115008115322288	0.019404922690541948	-0.07115867055277603	-0.024102799323650004	3.42	0.0001848458102188409	5.36
1995-09-30	-0.08721251553223719	-0.028175803303021937	-0.007580897952508049	0.08658183451021673	0.0504686246503141	3.7675	0.0006978950250208891	5.75
1995-10-31	-0.026540010181590024	-0.056819135813599875	-0.0592080372116407	0.005817467576067936	0.11692706366566985	3.5216666666666665	0.0037089186072646924	4.16
1995-11-30	-0.01469482239240061	0.03626972010172591	0.15831674026802622	0.02572194178267684	0.059066468901407876	3.21	0.0005762461562181521	3.81
1995-12-31	0.024298315372041968	-0.01607726372464313	0.009703777033801764	0.01631201601041243	0.11297990627541445	3.445	0.0005186420935847925	4.2
1996-01-31	-0.04967167482986823	-0.03838926654395825	0.0886710971501421	0.07363454337414899	-0.017924828681199267	3.4620000000000006	0.0003514860962511111	5.17
1996-02-29	0.0033535217591982303	-0.010131916804387964	0.00042646526203571344	0.015517832760558738	-0.02673017987397297	3.4233333333333333	0.0013574970543637562	3.81
1996-03-31	0.025322459881413132	-0.0265827944326722	0.0033535217591982303	-0.010131916804387964	0.00042646526203571344	4.11	0.0013693671318786346	4.11
1996-04-30	0.0985970354668908	0.025322459881413132	-0.0265827944326722	0.0033535217591982303	-0.010131916804387964	3.16	0.000692992912814905	3.9
1996-05-31	0.18896439522256325	0.06287766414752305	0.010314303646298706	0.0985970354668908	0.025322459881413132	3.31	0.00011330777307038548	4.09
1996-06-30	-0.06532657633534923	-0.0859577825268969	0.2654839094964061	-0.0010538828588209093	0.011479666966806024	3.16	0.00028177915814355875	3.24
1996-07-31	0.06415003912910477	-0.04347658522353015	-0.0374006052639555	0.22625032092865616	0.0067733466397861255	3.46	0.00014799350775605312	3.94
1996-08-31	-0.02861312952189543	-0.026037142456357017	0.11472772992407697	-0.059360644247287826	-0.06799092985486688	3.36	0.00018033584225874932	4.3
1996-09-30	0.03318959125323784	0.049588992988069285	0.044622642784159394	-0.0057709545337658605	-0.049726391565939165	3.3833333333333333	7.44261334276401e-05	3.84
1996-10-31	-0.0518803522578819	-0.0635432788050907	0.031617981920314835	0.03612698108112666	0.056966439333157926	3.16	0.00012497240371210004	4.16
1996-11-30	-0.08601662162172752	-0.008921888457579463	-0.07701332266298723	-0.05611828301499066	-0.04136288333373117	3.48	0.00028810835583657475	5.3
1996-12-31	-0.029597555829857788	-0.03288368880838033	0.027111509225748343	-0.1617175658427723	-0.009187533278623095	3.584375	0.0022651054089829928	3.97
1997-01-31	0.06911179559655145	-0.026271776162931748	0.013324255940922123	0.001927286723482191	0.0143864688659604	3.3866666666666667	0.001213297271325522	3.97
1997-02-28	0.0501044259973481	0.062379677775064035	-0.035678516117613523	0.07027050852467831	0.004369652132868218	3.18	0.0007665572687924051	3.91
1997-03-31	0.06404983971634381	-0.024290257009293548	-0.019801437681212564	0.08574697506424522	-0.003825418319858276	3.758	0.00042818884826249597	5.26
1997-04-30	-0.0008465409734617069	-0.1331590214934678	0.024177593457507474	-0.05409561260712459	0.010911950515819724	3.39	0.0013339724308456052	5.07
1997-05-31	0.0022943420754657487	-0.06497716870208026	0.01678181001183121	-0.09685284326881137	0.09685284326881037	3.6330769230769233	0.0018316812676565817	4.49
1997-06-30	-0.024638760293442474	-0.00864787186377747	0.04454449258968851	0.07014461675151618	-0.0537544964160156	3.35	0.0015132335505867065	4.76
1997-07-31	0.044789852607172616	-0.02417883229193829	-0.028051003590416124	-0.1488468316205095	0.08233042963704029	3.47375	0.002756179970227637	4.89
1997-08-31	0.0044129160153726366	-0.002568902118457728	-0.0245806116410886	-0.001946923588097116	0.07557457380838495	3.306666666666666	0.0020536864923194056	3.61
1997-09-30	0.0399644826414014	0.029272926915091983	0.04258444884324142	0.0044129160153726366	-0.002568902118457728	3.34	0.0009485682224068637	4.42
1997-10-31	-0.0802369541538186	0.03116759294393412	0.21943343111768954	0.06405754711885148	0.004870653317376572	4.42	0.0002971487366553782	3.87
1997-11-30	0.007452311496907615	0.10840883904047384	-0.08370950560960133	0.020319345587009208	-0.06610818951055086	3.295	0.0001487622763181411	3.85
1997-12-31	-0.04589328984136909	0.06956229497385036	0.007452311496907615	0.10840883904047384	-0.08370950560960133	3.59	0.00012632397987416961	4.08
1998-01-31	-0.07416623619975993	-0.05604481364523672	-0.022707812425224905	-0.12507770022956444	0.09417902865347584	3.595	0.0005719830530123201	4.29
1998-02-28	0.017013704595781887	0.08963344948037277	-0.02707157520607151	-0.07580758660754316	-0.06301837514008635	3.175	0.0005635261844132808	3.47
1998-03-31	0.004112643815604722	0.06612621266984875	0.06569416382503213	0.03010357730892577	-0.0714693580198904	3.0	0.00040300115468541297	5.23
1998-04-30	0.0464331556079266	0.0342757094314553	-0.025748835146418125	0.009876006111104065	-0.06917150733761512	3.11	0.001246429599004838	3.79
1998-05-31	-0.04420865617419478	0.027263405410950625	0.026896029858820558	0.0	0.03213325722006699	3.396666666666667	0.0017788546736790829	3.79
1998-06-30	-0.025465548677674036	-0.0073060414295194045	-0.025631404373114952	0.0464331556079266	0.0342757094314553	3.02	0.0018658500439166894	4.0
1998-07-31	0.025271810380645743	-0.03726318892083258	-0.015084984950183957	0.13788423847248332	0.05990675682756075	3.4450000000000003	0.0005677430862207777	4.07
1998-08-31	0.025724985486500932	-0.07554581450874864	0.14768972886594445	0.03206771353356341	-0.02135501798201433	3.2925	0.00023485412975342545	4.78
1998-09-30	0.016889544497752595	-0.04622464065454568	-0.117535611225291	0.05128372653896962	0.025724985486500932	3.303333333333333	0.0004545264321546793	3.46
1998-10-31	0.0350092059502245	0.03856881091632691	-0.021547515375847537	-0.1140217584527412	-0.03167211227513467	3.06	0.00030373587943833836	4.82
1998-11-30	0.009554753014379136	-0.025222719297093743	0.022850797690108667	-0.00814822201856158	-0.041735490128343766	3.54625	0.0008512514339130147	3.87
1998-12-31	0.1047908265023676	-0.027376404739111626	0.005398398462234333	0.04169078326021458	-0.08705530880771406	3.5400000000000005	0.00045993461057555984	3.92
1999-01-31	0.0005079995231120903	-0.04833241593263882	-0.0634690649877998	0.08150196309564928	0.07641756052285675	3.19	0.0007052952493996004	4.38
1999-02-28	0.07733163851553693	0.04582762569802079	0.04603460106785007	-0.07296616165303837	0.10308978914207456	3.2066666666666666	0.00019412494748664462	4.24
1999-03-31	-0.07162483988947987	-0.12079622295467753	0.19547832584661795	0.00364739712876605	0.03181496940825035	3.5933333333333333	0.000345594505074693	4.27
1999-04-30	0.005858144879427041	-0.027842287979207514	0.02978222617810133	-0.06900456069622041	-0.015369908685658684	3.36	0.000265814647426403	4.15
1999-05-31	0.09195060953161516	-0.06926070250996362	-0.005777612722127179	-0.02894870975245833	0.08904844209023932	3.025	0.0001526525366583749	4.93
1999-06-30	0.033358746026308506	0.024845506350372748	-0.01658902743836577	-0.03333158867709507	-0.1832612679708288	3.16	0.0006407051594809366	4.92
1999-07-31	0.01668187930511711	0.04894066642452444	0.029009188894442706	-0.07436964639288057	0.019019342865047584	3.2825	0.0006067416911921412	4.35
1999-08-31	0.03549556568825252	-0.02128987285464179	0.05530469078651557	-0.0284861662152186	-0.07752542746491453	3.26	0.0007665572687924175	3.52
1999-09-30	0.1047232853541149	-0.010895210523230723	-0.008069461459784488	0.022383728987129592	0.06091099549201516	3.72	0.00039002740051440965	4.8
1999-10-31	-0.04404188485402028	-0.04973966856917755	0.03366591058251811	0.030679028989206717	0.03549556568825252	3.33	0.0009394084183045973	7.1
1999-11-30	-0.045875595084971854	-0.06895217952886057	0.06817216636401048	-0.02061381929076456	0.13130252235190842	3.346	0.0001715698250253002	4.42
1999-12-31	0.09974485307523027	-0.044066073344049	-0.002682022145047202	0.003573738668608551	0.05806831726176687	3.1944444444444446	4.539992976248865e-05	4.03
2000-01-31	0.01608678704696631	-0.0422837820594344	-0.07208378084418432	0.003928196058665678	-0.0059002405399049	3.3912500000000003	8.091506345613181e-05	3.6
2000-02-29	-0.11076611830851002	0.005444105990767945	0.015198563501974903	0.011401751845305121	0.024770751499071157	3.48	0.00012975264273086843	4.37
2000-03-31	-0.1044627151156221	-0.008716674025159854	-0.014800772591171631	-0.02054137057619143	-0.11076611830851002	3.6716666666666655	0.00036197686051398816	4.24
2000-04-30	0.008680482661863831	-0.02498490526417063	-0.04121648799441169	0.0005420547492267502	0.012848784440730563	3.419	0.000826003538762287	4.5
2000-05-31	-0.02399230986110079	-0.030267370536606664	0.014475804176788062	0.0022240106580943	-0.03492862881118985	3.5625	0.0014711084268870245	4.73
2000-06-30	-0.04708652978314632	-0.038220046722094	0.0014165231668588074	0.06030424246773657	-0.0008347065553113707	3.45	0.0016446027549885964	4.51
2000-07-31	0.06144424194219445	0.0497792553771933	0.03713393471684723	-0.031005918335614505	-0.04331019230199373	3.1533333333333338	0.000678436382976409	3.81
2000-08-31	-0.048024248174868944	0.007283677639854601	0.05440873973348115	0.0524459145644961	0.061722407046249976	3.81	0.0008799484079416145	3.59
2000-09-30	0.06436829096979868	-0.02238446735852984	0.025433945520415117	-0.05605452987651138	0.07788844731185729	3.41	0.00044738892550949	3.69
2000-10-31	0.12355316196775855	-0.003990161353253141	0.07916609617403991	0.009813682668538435	0.07374458660386772	3.1660000000000004	0.00010720498328962408	3.9
2000-11-30	-0.05324855079020452	0.03278766950047651	0.02963605103422728	0.13553926993821294	0.00864065514372103	3.2	8.886802011030481e-05	3.56
2000-12-31	0.009312813331008307	0.06699202385722725	-0.05324855079020452	0.03278766950047651	0.02963605103422728	3.33	5.246032696695689e-05	4.42
2001-01-31	-0.026925643973322755	-0.08466883916093693	0.050961254227405835	-0.15755375031110086	0.07553792272279569	3.505	0.00016479613495148156	4.26
2001-02-28	-0.09282212991864824	-0.06703824861579832	-0.06772422577501014	0.05263337049894501	-0.15433809638673246	3.3	0.0003650167619367189	4.66
2001-03-31	-0.01319676096507405	-0.005098408442352875	-0.0483358819801758	-0.07627365018289445	-0.12335048665911395	3.53	0.0010903217954898608	3.45
2001-04-30	0.025634093249913503	0.02249125206593594	0.0367902671474879	0.020490904805645197	-0.02551937661512671	3.28	0.000580532467235146	3.77
2001-05-31	0.1586813455743623	0.06490441369546683	0.0954110674077453	0.031006628857446206	0.03010089844694641	3.84	2.3264934218895307e-05	4.25
2001-06-30	-0.005426499570964971	-0.061152414458166326	0.12082470089072304	0.15574190055558226	0.0016088269968645985	3.15	2.5273742912386906e-05	3.35
2001-07-31	0.04355974306885635	0.008690885655766591	0.0953722413510465	0.03844916993052272	-0.1375348152919187	3.3	8.519509825700753e-06	5.17
2001-08-31	-0.050063289119466337	-0.06409845182851415	-0.036323872785257734	-0.05897373242279436	0.06471971979790858	3.3937500000000003	0.001235315876168876	4.36
2001-09-30	0.0917514369645348	-0.0357168923738681	0.009512478743343822	0.006684195801917703	-0.08618979393566327	3.39	0.0006954408376959249	4.24
2001-10-31	0.08281486935519022	0.14185403694733045	0.02266490753194628	0.06555236501589556	-0.030322265458438524	3.25	0.00014269778123590044	5.02
2001-11-30	-0.2323730164096873	0.19025438858796706	0.054152161619825945	0.1822306529007467	-0.011323705704912923	3.88	0.0001830315566376761	4.11
2001-12-31	0.11254797069083387	-0.0333400631310401	0.05368005783420049	-0.2323730164096873	0.19025438858796706	3.38	7.309069257944775e-05	4.89
2002-01-31	-0.0459249640324948	0.08100057167039676	-0.10899739616786497	0.05175376660721165	-0.003900074229902017	3.135	0.0001472278145815375	4.21
2002-02-28	-0.08270584417985583	-0.02367109255243749	-0.07023081233014583	0.1853740513167512	0.041999325912946084	3.468888888888889	0.00022729501812486025	5.7
2002-03-31	0.031592835944192155	0.038037049757375214	-0.04462159702348467	0.016326879863288513	-0.045489199126788726	3.246666666666667	0.00021273402760375724	4.6
2002-04-30	0.215084662834266	-0.005627492287017644	-0.04594559610809923	0.1768974299706494	-0.03093763731238242	3.3800000000000003	2.5085505744909576e-05	4.39
2002-05-31	-0.0612844110262023	-0.17691221736478435	0.23072678308903805	-0.023782018523180067	0.11988609617237025	4.1	9.631926857213998e-05	3.88
2002-06-30	-0.05608113863951592	-0.03167827054017236	-0.2150345010088721	0.2467127715490427	0.05608113863951592	3.0	0.00011709739585473169	3.94
2002-07-31	0.025573268315207683	-0.008962838075379675	-0.05376139922987444	-0.14511624393504952	0.215084662834266	3.16	8.835365091690292e-05	3.74
2002-08-31	-0.002468519198784102	0.05758810767631184	-0.05429877170645669	-0.004114204900646179	-0.0612844110262023	3.395	9.853563969416974e-05	3.75
2002-09-30	-0.04013218765277626	-0.01930466283961585	0.02834486255979529	0.06521019761057299	-0.17189652808327027	3.75	0.0001256467791079401	4.78
2002-10-31	-0.013605333242587949	-0.02932361596602717	-0.11315677572166415	-0.19012316138326305	-0.04013218765277626	3.7	0.0013733398404877026	4.77
2002-11-30	-0.018337846363092655	0.003725099771012874	-0.02583558453539303	-0.014125499384161857	-0.08566634300749287	3.92	0.001604398378051813	4.1
2002-12-31	-0.010329719952413607	0.02083758436732253	-0.018337846363092655	0.003725099771012874	-0.02583558453539303	3.4933333333333336	0.0014920680163266436	4.84
2003-01-31	-0.009818068792039948	-0.03402253171273128	-0.07178967897128663	-0.0016305834277743347	0.019592965837535337	3.3125	0.003363541574640829	4.54
2003-02-28	-0.020343172346542482	0.05435950701862635	0.04367977536517431	-0.008691068273175007	-0.04047725444605288	3.8233333333333333	0.0020747300763187047	4.99
2003-03-31	-0.02250886134238994	0.05642504930700465	-0.006375432793647272	-0.05622733913740418	0.0555843971081772	3.6188461538461536	0.0025812653200345823	4.64
2003-04-30	-0.05629398473377534	0.04546341649664809	-0.02250886134238994	0.05642504930700465	-0.006375432793647272	3.14	0.002781790062191497	3.34
2003-05-31	0.017784786480165567	0.017099933089834263	0.02013739916302637	-0.022941512939325337	0.011109504400981574	3.245	0.0019154124942513191	4.17
2003-06-30	0.037977815356384885	-0.03540649997694545	0.07707089297306924	0.0128348148394416	0.01957860239795517	3.16	0.0012651078990243575	4.06
2003-07-31	-0.048427716874097186	0.035666610430195256	0.0977930216230819	-0.007891075284018778	0.039256077429725485	3.625	0.0009547100074441439	4.15
2003-08-31	0.05930542022695074	-0.048427716874097186	0.035666610430195256	0.0977930216230819	-0.007891075284018778	3.04	0.0006338043480979154	3.9
2003-09-30	-0.07075733509480786	0.1125723551409401	0.02518333162176756	-0.018532566584126053	0.046383972115111916	3.12	0.0006570195550486114	3.74
2003-10-31	0.025889843551195613	0.04848794110093513	0.029581645344030738	0.05930542022695074	-0.048427716874097186	3.63	0.0003090842848597385	4.29
2003-11-30	-0.04770525950556115	-0.012892279433339704	-0.03545376844168713	0.025889843551195613	0.04848794110093513	3.36	0.0006001099760589133	3.49
2003-12-31	-0.012836980756523621	0.04340339530229542	-0.0344417028579882	-0.030843391175815468	0.057408052617114125	3.296666666666667	0.0005206232684433739	4.41
2004-01-31	-0.058399948982371434	-0.11105514334949462	0.10547528400807817	-0.1537436343168579	0.05569909438762788	3.3828	0.00017243136837327832	3.68
2004-02-29	-0.028792455099998508	0.07724755192055954	-0.037438448730462204	-0.03826116062222762	0.04116668752848929	3.11	0.00015662091241608366	4.34
2004-03-31	-0.007450792144598095	0.012812478892475054	-0.06468474187536755	-0.028792455099998508	0.07724755192055954	3.45	0.00023594942051304482	3.82
2004-04-30	0.0035513537502658288	0.05676901868433638	-0.06892718269995313	0.06892718269995024	-0.03382934375353664	3.3633333333333333	0.00018575809558309236	3.42
2004-05-31	0.0	0.028414574839110033	0.0035513537502658288	0.05676901868433638	-0.06892718269995313	3.25	0.0001526525366583696	4.4
2004-06-30	-0.018207727045355337	-0.05285530640395919	0.0	0.028414574839110033	0.0035513537502658288	3.47	0.00024939809153046107	4.98
2004-07-31	0.09061706286305073	-0.13575320741416985	0.034849889120077686	-0.05945901985532288	0.02314453365663871	3.42	0.0002262304582643112	4.27
2004-08-31	-0.052887154727533366	0.027962680590609912	-0.03888425507168747	-0.056375241237861085	0.13394644091693464	3.773333333333333	0.000428188848262507	4.16
2004-09-30	0.007210670564963939	-0.03444968307014018	0.0168661544538089	-0.04343992487808945	0.06696338599337515	3.375	0.0003650167619367361	5.97
2004-10-31	-0.15818400999155002	0.03777890950490504	-0.03566908039447336	-0.011504774031585896	-0.25637501895889503	3.864285714285714	0.003978312406139242	4.06
2004-11-30	-0.002980908230396873	0.00594097094869761	0.03002761262567322	0.007849108279898265	-0.01991375475194168	3.5700000000000003	0.00288579972506068	4.19
2004-12-31	-0.020769321209178737	-0.02433978451794372	-0.035667452900380425	-0.03895223055135033	0.03961078901921822	3.705	0.005064943673081462	3.71
2005-01-31	0.013400681438632269	0.054290420173831566	0.1050310573269223	-0.010318369469	-0.04386812948517715	3.99	0.0014544884145650274	4.42
2005-02-28	0.009742573488680016	0.19618930723381844	-0.06434245755862489	-0.0129897512288184	0.056752935093719814	3.39	0.0005407423160088543	3.54
2005-03-31	-0.033865989174775464	0.009742573488680016	0.19618930723381844	-0.06434245755862489	-0.0129897512288184	3.01	0.0006832636620939032	3.7
2005-04-30	-0.02857878679540926	-0.02134850572832581	-0.026586315464705468	0.0016326843854161945	0.14216090551023208	3.46	0.0009242825152464227	4.59
2005-05-31	-0.02089926053983027	-0.053333790573250835	0.001452877339988001	0.007203112585319805	-0.04324753018862504	3.18	0.001393323846030117	4.48
2005-06-30	-0.05703491492203772	0.17016508139847966	-0.01518467502908405	0.03791522222730315	0.07432828533780544	3.635	0.00030506639646805055	5.2
2005-07-31	-0.05961918467729066	-0.0619698798584154	-0.09239107089624854	-0.025668366194983028	-0.014905955718612862	3.8666666666666663	0.0015217576349947511	4.11
2005-08-31	-0.014518866652375229	0.04920479320359483	0.10518084027405206	-0.04568310098442852	-0.0032324709756786922	3.06	0.0005226100036555543	4.63
2005-09-30	-0.04421441191034725	0.011049854607378506	-0.09782884200380147	0.04393285254501434	-0.008669732906341543	3.604000000000001	0.0019405263984015066	5.08
2005-10-31	0.014219307838238325	-0.010423874075707551	-0.10590929656456084	-0.013029696421631655	-0.019073099776164226	3.703333333333333	0.00589606425626946	4.99
2005-11-30	-0.015281956449681222	-0.032781364695765425	-0.00639912330971848	0.03187502797880748	0.06143308583776741	3.365	0.005169365811510439	3.4
2005-12-31	0.026262796058577842	0.09678093849478543	-0.015281956449681222	-0.032781364695765425	-0.00639912330971848	3.1125	0.0022095613398448954	4.17
2006-01-31	0.0024565580803649345	-0.01749165925526741	-0.0003642846542031286	0.009732068229493572	0.07530403640075722	3.895	0.0023847825256929386	3.97
2006-02-28	0.04584500138044945	-0.028933022924642064	0.12871064399662602	0.010734293374049296	0.003773077329895847	3.365	0.0006453359841674674	3.94
2006-03-31	-0.0430736226122197	0.027457030684970185	0.2809087609427352	0.053546276625008105	0.053667569056483184	3.3266666666666667	6.113304788989924e-05	4.11
2006-04-30	-0.03587943626920587	0.06460555339403995	0.04400234404230674	-0.11618982475881535	-0.06666067600021974	4.11	0.00011519043749083434	3.6
2006-05-31	-0.033262339075599945	-0.023982199731118925	0.08371646461892057	-0.007452311496909171	-0.1287389221281965	3.1	0.00013044696291369132	5.37
2006-06-30	-0.09785488618365767	0.0014978054505561114	-0.0507166459328452	-0.23855211458311154	0.043326975953379865	3.6966666666666668	0.0014711084268870245	4.37
2006-07-31	0.0008398533803960495	-0.003368304779251763	0.013743232679470752	-0.09785488618365767	0.0014978054505561114	3.475	0.001361445746424975	4.02
2006-08-31	0.02057021297019135	0.016762937467017514	-0.06428996639840813	0.0008398533803960495	-0.003368304779251763	3.16	0.0016401017321550596	3.68
2006-09-30	0.011325988999940641	-0.011735584388404052	0.040399048857484236	0.01946853292560213	-0.061509528135797124	3.19	0.0014836595188319807	4.05
2006-10-31	-0.006646747320962376	0.17245342253491713	-0.0015876478546583694	0.009055479177795369	0.0011681533149737744	3.07	0.0005246023081910736	4.01
2006-11-30	0.012642821179208895	0.03204031937021967	0.13359414833272698	-0.01386686876606924	0.1084008987118914	3.63	0.00023704859183262597	4.62
2006-12-31	-0.03333905940242743	-0.1008432191090114	0.05568019101808064	-0.024948297939382916	0.052943179287250564	3.57	0.0006045252046895977	4.2
2007-01-31	-0.03907035852239238	-0.06748505052776266	0.03721523683464922	-0.06248169655186775	-0.08662444151164106	3.17	0.0009303118612554874	3.87
2007-02-28	0.0026727564309627643	-0.010771288679742865	0.07636588050054582	-0.03907035852239238	-0.06748505052776266	3.61	0.0005805324672351602	4.29
2007-03-31	0.016039374090319525	0.008651387903107599	0.004806207703222709	0.033480123757724016	0.03612821527481569	3.16	0.00048769217934649454	4.11
2007-04-30	0.0029284513002612034	-0.010614179403906744	0.13158524878298314	-0.07341319483516506	0.0026727564309627643	3.3800000000000003	0.00040960715649478863	4.41
2007-05-31	0.11147701435720504	0.057781259928547664	0.05218465510718984	0.044986422096567	-0.032937694552277234	3.3175000000000003	6.268305795836468e-05	4.18
2007-06-30	-0.0715441339616203	-0.11634534304486555	0.0008019708492970067	0.08615152493797451	-0.0007006196148595656	3.54	0.00040136211557829563	4.26
2007-07-31	0.029975159752835486	-0.026794732224836748	-0.07643868433773382	-0.15961567212186867	0.005486390008984543	3.31	0.00059791121614072	3.74
2007-08-31	-0.04969161607103567	0.029975159752835486	-0.026794732224836748	-0.07643868433773382	-0.15961567212186867	3.26	0.0008427748143449767	4.66
2007-09-30	0.0832086972497007	1.9984014443252818e-15	-0.0345793198669585	-0.04969161607103567	0.029975159752835486	3.3400000000000003	0.0006023146359431307	4.73
2007-10-31	-0.04455287286974452	0.020791659011302758	-0.0776308061901343	-0.06510598260173361	0.005574777355692673	3.12	0.003005831844551984	4.34
2007-11-30	0.023417226730122698	-0.04455287286974452	0.020791659011302758	-0.0776308061901343	-0.06510598260173361	3.06	0.0025568956303935754	3.43
2007-12-31	0.052197404613494536	0.02988227088212792	0.023417226730122698	-0.04455287286974452	0.020791659011302758	3.09	0.0014503538578611052	4.06
2008-01-31	-0.032357851948932814	0.05028946741743834	0.06095675698936676	-0.03071345605420062	0.05003922223134627	0.0	0.0015217576349947034	3.9
2008-02-29	0.0011651909650626235	-0.039235285190687086	0.026253369736388255	0.05552320509570263	0.015592175662226369	3.44	0.0017504841255014572	5.1
2008-03-31	0.036387276793592986	0.04441909156001711	-0.008391533441957422	-0.04307551695924538	-0.08511052969186428	3.376666666666667	0.0016177237368797718	4.18
2008-04-30	0.06990442678541553	-0.04866334548393148	0.08180959340144113	-0.03314624791750809	0.010137922562583055	3.59	0.0013030508657360525	4.14
2008-05-31	0.04710176232292018	-0.004424498789630249	-0.02874091030326975	0.030757240613027207	0.011525659530833844	3.64	0.0011524100144823374	4.43
2008-06-30	0.09120574288536164	0.026481037490876158	0.06466912912701439	-0.0007223429722408302	-0.054077690657544975	3.2900000000000005	0.0006269578349748177	3.99
2008-07-31	0.046127267315359655	-0.03198817720900626	0.036183034139948056	0.11755551210548633	0.037706036936556615	3.4785714285714286	0.00045094722342793917	5.44
2008-08-31	-0.10379600118667454	0.012628497315646523	0.05502249334003628	-0.034959365896059864	0.0043603863644900995	3.71	0.0008770479866195066	3.39
2008-09-30	0.10593039236044087	-0.04348346803715697	0.008632368950570735	0.04598837263932731	0.012962448057122213	3.25	0.00027927710654039817	4.63
2008-10-31	0.05229599672617091	-0.02660426144690353	0.0643958474609001	0.12984528001425133	-0.09438291347723048	3.06	0.00018944182523288446	4.14
2008-11-30	0.017400074961667844	0.11847826122400762	-0.00323323418280852	-0.004556323980053678	0.003258077869451093	3.2685714285714287	0.00011022341405590418	4.98
2008-12-31	-0.11633458476033832	0.11777654593846144	-0.11897201581777805	-0.06248514532837679	-0.09481019661534452	3.5716666666666668	0.0008569363672939126	5.06
2009-01-31	-0.024219471570660508	-0.006976702239838262	-0.06946622409373293	0.01093561650927488	-0.0992157786887512	3.5625000000000004	0.002965463990703908	4.45
2009-02-28	-0.02620050875903246	0.044859103462419725	0.048167249963131716	0.02655518948340929	0.06382832677957108	4.39	0.0012390126972812356	3.89
2009-03-31	0.07216233320141974	-0.0269042880045669	-0.02620050875903246	0.044859103462419725	0.048167249963131716	3.273333333333333	0.0009063618588064657	4.77
2009-04-30	0.07146229687697425	-0.08637173831772182	0.049976874033574425	0.04181385270818705	0.017345548951549272	3.68	0.00047273865871728563	4.3
2009-05-31	0.008883523815161887	-0.1025647051627404	-0.07393251443351767	0.07146229687697425	-0.08637173831772182	3.4139999999999997	0.0015047425645413526	4.73
2009-06-30	0.06673805854744841	-0.009383119592195066	-0.07855457653411035	-0.024192214791674327	-0.0621785655992313	3.22	0.002408047786711927	4.39
2009-07-31	0.005478781436258462	-0.056950542426872926	-0.03047214655953323	0.07825003729878288	-0.006859710090083904	3.2	0.00357117356770205	3.92
2009-08-31	0.03862682102500215	0.003367002589534596	-0.0030597602936781603	0.006399123309717814	-0.08299155650729606	3.315	0.002711738099268137	3.89
2009-09-30	0.003811131114180189	0.1137271125489594	0.01162713489866729	0.013782740992038687	0.0021506997226250486	3.615	0.0013107338056771822	5.08
2009-10-31	0.08679570910442402	-0.026852296640334616	0.01383492644649964	0.01918033302162192	0.05138347797894294	3.03	0.0006269578349748479	5.19
2009-11-30	0.01389860378740726	-0.007431448086708703	-0.02376644220141899	-0.01373100327576915	-0.01503401760244938	3.205	0.007991614103521479	4.6
2009-12-31	-0.023062179408036232	0.08319017567807385	-0.01463029857185061	0.061889354850832363	0.09125296167326448	3.5	0.0011524100144823374	5.8
2010-01-31	0.1283828042314099	-0.01971335541331476	0.005096413198483085	-0.010255866683923642	-0.17865817129217745	3.5669565217391312	0.0014836595188319807	4.41
2010-02-28	0.033952994262185565	-0.0434207850433751	0.012698550244654385	-0.020120533949292474	-0.037818249277700056	3.22	0.0022205960383263478	4.45
2010-03-31	0.023074882841762182	-0.06717128704584396	0.020664535196052717	-0.05104803440300998	0.0014008023301947947	3.3833333333333333	0.0015867491767877222	4.44
2010-04-30	-0.03953775929685255	0.06262136086464176	-0.03758354935626096	0.05659328335243885	-0.09830049586061428	3.555	0.001500509465046234	7.2
2010-05-31	0.10999080416539607	0.02222979258362512	-0.010356809174719485	-0.011872983408905635	-0.03885334578302113	3.403541666666667	0.0005935313606052478	4.9
2010-06-30	-0.012101118693950808	-0.05902294611761837	0.1187091642389363	-0.008508382525883595	-0.01411504133126962	3.433809523809523	0.0021930785764979967	5.71
2010-07-31	-0.042088391775798366	-0.022923370670689502	0.021368008374097247	0.024447151679430238	0.0661017953922809	3.3655555555555554	0.00016985667656141867	5.42
2010-08-31	0.03332243365480747	0.03854851903500056	-0.0498711040861981	-0.02929499208784025	0.019043787000573298	3.42875	0.00025750721729648487	4.28
2010-09-30	0.02447077648503404	-0.04912712355094073	-0.0535890430067163	-0.04374250264166446	-0.03873411185140574	3.3718181818181816	0.0007958809891734957	4.96
2010-10-31	-0.02589619416177613	-0.06236900608220186	-0.10350416641219162	-0.01172065528445576	0.026967415216892162	3.16	0.001950634322803905	4.27
2010-11-30	-0.057110847144335126	0.026884946469255988	0.001263667300180793	0.09508290885623184	-0.010007799912968962	3.43	0.0016581567990011914	4.57
2010-12-31	0.03336110328497843	0.07073300090710366	-0.003008416516876	0.024592676564274333	-0.04268042912260517	3.365	0.0009577914997536855	4.71
2011-01-31	0.045573148924796913	-0.07432862916747496	-0.015505557509064127	0.07736776486627372	-0.02064614419103583	3.3833333333333333	0.001076852349925091	4.15
2011-02-28	0.06409404055417857	-0.04261073559653261	0.0192351200748232	0.02117556712355761	-0.004875179711262723	3.285	0.0007560899075416353	5.09
2011-03-31	-0.024151822989568302	-0.14249927296847176	0.04243259736580973	0.01270677545732446	0.09934280176231992	3.48	0.0009858444266092519	4.35
2011-04-30	-0.054143472518554565	-0.0025107709679685892	0.05167614798843178	-0.015708741062068876	-0.009952990660492269	3.612857142857143	0.001080208616691774	4.13
2011-05-31	0.00630728595769825	-0.024420517425959187	0.017265942501782816	0.007572111171267326	-0.0054566906365730574	3.215	0.0013300795103844364	4.45
2011-06-30	-0.06918685270114057	0.07122772701238578	0.09706712204952606	0.044022754863830886	-0.041512031408801775	3.67	0.0006905512415984513	3.96
2011-07-31	0.1085704348762273	0.06857513691619488	0.02456518644645533	-0.025089283995128442	-0.02853396482454373	3.1775	0.00018575809558309022	4.11
2011-08-31	0.010014304486301029	0.06630092960820577	-0.002368520914900918	-0.0431133778581938	-0.02214467600610304	3.1	0.000235949420513052	4.11
2011-09-30	0.023304127261814637	-0.0006728215701996554	0.010014304486301029	0.06630092960820577	-0.002368520914900918	4.24	0.0002018017824900906	4.24
2011-10-31	0.014139090106356944	-0.09065469298706286	-0.00790148307493954	-0.007335627375760102	-0.03238075035574939	3.1	0.00045094722342794747	3.8
2011-11-30	-0.0041784145241265955	-0.06983394038605395	-0.00839480574514373	-0.00913310490614161	0.0024497070772160345	3.36	0.0006476605081853952	4.1
2011-12-31	0.044449972137293285	-0.02149351516075315	0.01634070418586342	0.05470325242279128	-0.0041784145241265955	3.33	0.0003383344146369828	4.2
2012-01-31	-0.01922962550750396	-0.019893789583317775	0.04089332935262346	-0.0005893565467911532	0.060818805775237676	3.4075	0.0003997280430010668	4.19
2012-02-29	0.060144907103128586	0.08347036257473595	-0.10803806037651698	0.056228469782079626	0.044449972137293285	3.3	0.00017944408127158396	4.87
2012-03-31	0.03155842939071518	0.003063762641114298	-0.0776245728278726	-0.051505340494381935	0.10860336534657856	3.335	0.00027555555133018883	3.63
2012-04-30	-0.020310231000983725	0.05959480850004595	-0.002497221895350954	-0.0031366477923959746	0.006256504108388628	3.248571428571428	0.00024711719985524383	4.15
2012-05-31	-0.01920041805632522	-0.07610415218989375	0.004571328385155836	-0.0138202951179085	-0.020310231000983725	3.575	0.0005088193105523974	4.03
2012-06-30	-0.0038254183198571656	-0.07857118690887521	0.019145168923248468	-0.011955412327034898	-0.0375083955941915	3.7566666666666655	0.0008886908580772527	4.02
2012-07-31	0.022426645497224174	-0.04959065216450509	0.061641399744979626	-0.0038254183198571656	-0.07857118690887521	3.215	0.00070035548356545	4.68
2012-08-31	0.000742185813532914	0.060834077868504366	-0.019115515011871698	-0.0020274504400584763	-0.05019465512547694	3.33	0.002022392736770348	5.41
2012-09-30	0.06671579702835384	0.019547953283700403	-0.049349671683957874	-0.021100708043313987	0.07732149152616608	3.6066666666666665	0.005540309662856395	4.06
2012-10-31	0.0641269608356535	-0.00645218863439445	0.06788713048942041	0.06671579702835384	0.019547953283700403	3.332	0.002327278359702653	5.29
2012-11-30	-0.01596807652968779	-0.08096767506922342	0.036074821745020746	0.05147532583846914	0.014569191351071598	3.01	0.004167441207632571	3.69
2012-12-31	-0.010438443730016787	0.07753512957355269	-0.04191950178982873	-0.04457022135516064	-0.009854236014958384	3.3739999999999997	0.002820498921171297	4.02
2013-01-31	0.02361183264795852	0.02756230230256196	-0.022108492851727116	0.06539248852757007	-0.01562039044779251	3.45	0.002187602773294345	3.59
2013-02-28	0.021509602155788343	0.041619106252156264	0.013621556583396921	-0.03730425458676678	0.04107012318017167	3.02	0.001504742564541343	3.96
2013-03-31	-0.04834679080315119	0.09813608278974516	0.021509602155788343	0.041619106252156264	0.013621556583396921	3.716666666666667	0.0010668278142129924	4.7
2013-04-30	0.0007917910875655519	-0.0588973243393277	-0.036661682954117085	0.06869548648194634	0.027653961295930563	3.3550000000000004	0.0016491122690111678	4.08
2013-05-31	0.04969969246822736	-0.0026153495321059594	0.11172938889816786	0.046767358478446375	-0.08206936159717804	3.142	0.0004545264321546909	4.8
2013-06-30	-0.07974777991136618	0.051131817322195294	0.13240111409204006	-0.041005198392744864	0.018914316279680318	3.514	0.0002730954260462473	3.92
2013-07-31	0.0976658967962314	0.097866270008365	-0.11646749456419415	0.04043389645021312	-0.07943439258453244	3.19	0.00013538832591702355	4.29
2013-08-31	0.02473956678653177	0.17487892580924091	0.12221240027274892	-0.02221673107182132	-0.06452612264674151	3.13	5.38332139637912e-05	4.19
2013-09-30	-0.057121050030779275	-0.08394576664991726	-0.05184236421607946	-0.09079156807149502	0.02473956678653177	3.34	0.00038207846105128206	4.08
2013-10-31	0.03946601770508873	-0.08664509432716194	-0.01804490305598394	-0.07303723019713759	-0.08004374337342822	3.425	0.0006246876888618269	4.28
2013-11-30	-0.04235717395211192	-0.013571765391724666	-0.0181303532563748	0.0331884986817208	-0.01201161576178933	3.39	0.0010306361024581682	3.53
2013-12-31	0.036180223543127	0.04584202817961491	-0.04235717395211192	-0.013571765391724666	-0.0181303532563748	3.175	0.0005848420574261099	4.3
2014-01-31	0.09723134142072842	-0.032073435853609444	-0.010066579264371487	0.038174428574631485	0.03926177271270448	3.4033333333333338	0.0003997280430010991	4.43
2014-02-28	0.09521878180361898	-0.016880580009759782	0.09723134142072842	-0.032073435853609444	-0.010066579264371487	3.29	0.00023267515503599663	3.68
2014-03-31	-0.0033678624286559433	0.0	0.09521878180361898	-0.016880580009759782	0.09723134142072842	3.36	0.00023815165243691347	5.1
2014-04-30	-0.008451385919291956	-0.1305545335810796	-0.02169503438557729	-0.1719931282281293	0.04437222016187858	3.56	0.0011594590573697275	4.24
2014-05-31	-0.004069914598211265	0.08497965350601733	-0.014011553125734877	-0.1377706375031913	-0.0583340869144735	3.51	0.0007127521514941737	3.84
2014-06-30	-0.01754285317045401	0.041612818565532894	-0.045706476020201725	0.12058740205772668	-0.07441094596901499	3.415	0.0007878048714227618	4.16
2014-07-31	0.024304891297184602	0.04541498173011205	0.01294663670707985	-0.05638638767312443	-0.01754285317045401	3.225	0.0006570195550486053	4.58
2014-08-31	-0.061712101948219626	0.1637470808910666	0.17337209846711432	0.051528884162479686	0.025102368890936644	3.25	5.6304516042710254e-05	3.8
2014-09-30	-0.052719876653980036	-0.021811099412160303	0.04771520876610258	0.05873743613947924	0.0436273654114876	3.64	6.151766634411884e-05	4.02
2014-10-31	-0.11223571140213706	0.010013287432004914	-0.00271677428886008	-0.052719876653980036	-0.021811099412160303	3.5933333333333333	0.00012700401395900548	3.68
2014-11-30	0.08411903243369556	-0.07359112897720888	0.040497666362115485	-0.11969738763330495	-0.002713268770730748	3.223333333333333	0.00010136205256405974	4.11
2014-12-31	-0.07182010598205779	0.08411903243369556	-0.07359112897720888	0.040497666362115485	-0.11969738763330495	3.56	0.00016646989833245978	4.19
2015-01-31	-0.06084542558359751	-0.05917295246966114	-0.08386877220951883	-0.03574693857679545	0.08483502315438951	3.4866666666666664	0.0005306127274145947	4.43
2015-02-28	-0.03703153787709645	-0.04899415245316363	-0.1307625403945425	-0.002719980220884377	-0.09793945729670606	3.3200000000000003	0.0010209187297987204	3.67
2015-03-31	0.015479405556847016	0.011080238835715628	-0.11623655194661442	-0.06084542558359751	-0.05917295246966114	3.56	0.0009858444266092662	4.11
2015-04-30	-0.08858782424390453	0.05779286108122573	0.010173499416784805	-0.03703153787709645	-0.04899415245316363	3.644000000000001	0.0011772143914264793	4.27
2015-05-31	0.029830174172945426	-0.035771745419689416	-0.11737559217912152	0.07827066060882681	0.015479405556847016	3.41	0.0013456988893898554	4.1
2015-06-30	-0.0176687343103078	0.05273474716550863	-0.05542614352345043	-0.030688482861919938	0.00897618264900002	3.398	0.0020694555705409465	3.83
2015-07-31	-0.014973500695133255	0.003330203341312288	-0.0176687343103078	0.05273474716550863	-0.05542614352345043	3.24	0.0022427765107783837	3.81
2015-08-31	0.05533506628497553	-0.014973500695133255	0.003330203341312288	-0.0176687343103078	0.05273474716550863	0.0	0.001530314876404203	3.75
2015-09-30	0.015517289399274659	7.771561172376097e-16	0.044960573261024095	-0.059689441610327076	0.06516927343934842	0.0	0.0016717874550539376	4.0
2015-10-31	-0.035882538984485464	0.05533506628497553	-0.014973500695133255	0.003330203341312288	-0.0176687343103078	3.37	0.001960777962032006	3.47
2015-11-30	0.04854189651753649	-0.0007496045356970571	-0.035882538984485464	0.05533506628497553	-0.014973500695133255	3.15	0.0014094560596501296	3.48
2015-12-31	0.04577210828482692	0.04854189651753649	-0.0007496045356970571	-0.035882538984485464	0.05533506628497553	3.01	0.0010273897208907393	4.4
2016-01-31	-0.07516781005302065	-0.03420176609542636	0.031430909813372036	0.01857011070461856	0.09366089374417584	3.5475	0.0008683877899554477	4.39
2016-02-29	-0.018607475116511063	-0.03024526659898852	-0.07516781005302065	-0.03420176609542636	0.031430909813372036	3.51	0.0012169477540988655	4.87
2016-03-31	-0.0498899376150177	-0.02526260423375071	0.0136655429613447	-0.018607475116511063	-0.03024526659898852	3.72	0.0018609423964321887	4.13
2016-04-30	0.014384222083777319	-0.04660382576228006	-0.053113262089387936	0.01677438856195934	-0.026753533675809682	3.19	0.0019658631911045493	3.51
2016-05-31	0.0158315839396157	0.005657288271308958	0.014384222083777319	-0.04660382576228006	-0.053113262089387936	3.49	0.0016946759818615505	3.5
2016-06-30	-0.056436333708853925	0.0158315839396157	0.005657288271308958	0.014384222083777319	-0.04660382576228006	3.49	0.002502624405649587	5.19
2016-07-31	0.008669732906342653	0.07908718972101657	0.0869726607790059	-0.04565108121394601	-0.01781257349485077	3.76	0.001001679339429585	4.03
2016-08-31	0.009876369431923049	0.02342270795957657	0.06714509615078279	0.05910947612462469	0.06056961856347265	3.61	0.0007560899075416131	3.53
2016-09-30	0.06727026135300583	0.16801540500253265	0.07040444306529015	0.055142789248927127	0.02141183506912481	3.28	7.397886341650831e-05	4.33
2016-10-31	0.0015665923168646234	0.11159777716285224	-0.04903434639647908	-0.031257281315323134	-0.08762107226048399	3.406818181818182	0.0001216426296701681	3.74
2016-11-30	0.06054506393334402	0.03676274496702603	0.011032499029495213	0.034239504352010515	-0.02724451253212834	3.3	5.849386424330599e-05	3.35
2016-12-31	0.04543797004291483	0.07881824107263767	-0.035357467038127366	0.04003475701766868	-0.006243882296412817	3.21	5.212150456202398e-05	3.95
2017-01-31	-0.06735357149110976	-0.06284064109555597	0.028012120391955664	-0.0690662987688897	0.04880901846716701	3.5155555555555558	0.00018851568762839156	3.57
2017-02-28	0.11798165414882412	-0.011854309474375048	-0.028284652630073067	-0.03944902542345452	-0.07349025000659283	3.29	7.221096694700597e-05	3.44
2017-03-31	0.024109037228712268	0.11798165414882412	-0.011854309474375048	-0.028284652630073067	-0.03944902542345452	3.28	6.113304788990348e-05	3.99
2017-04-30	-0.05747242463178059	-0.05465027197825356	-0.09113343928285422	0.00445859360335521	0.039718892027986515	3.4433333333333334	0.00026822504477082103	3.69
2017-05-31	-0.02802261465371325	-0.0031982331941720066	-0.0012841654501103414	-0.01234041345129322	-0.12546941954217194	3.41	0.0003574525483571625	4.06
2017-06-30	0.005053902561933166	-0.041018965431283805	0.030867261045207206	0.0025544239909718325	0.013231150082848586	3.4120000000000004	0.0003010879605670536	3.64
2017-07-31	0.009573564185901162	-0.011644723448466898	0.05419943018095896	0.03790013619201793	-0.08113369704842888	3.11	0.0002137498343000557	3.6
2017-08-31	0.017919666053681338	0.04308390045218325	0.043655653771547336	-0.013524518894183268	0.04479028235724036	3.49	0.0001177384837866882	4.07
2017-09-30	-0.05517258307052608	0.13123010744269425	0.017919666053681338	0.04308390045218325	0.043655653771547336	3.365	6.962189912067509e-05	3.65
2017-10-31	-0.01914346904974762	-0.06450197030013571	-0.09508804391211112	0.11266310335579074	0.007764619285334452	3.12	0.00012033022037152964	4.33
2017-11-30	-0.08667735807250199	0.04204448662978488	-0.06496268791557958	-0.016601056862739272	-0.0964823485108437	4.02	0.00016646989833244888	3.52
2017-12-31	0.05654087270791198	-0.03660802097715954	-0.01993285173075443	0.041666701613815686	-0.07447576851015092	3.11	8.733193167496273e-05	3.96
2018-01-31	0.026946942659152432	0.0030090413168375463	-0.03468983094210043	0.0	-0.040824271781172435	3.135	0.00012033022037153257	3.97
2018-02-28	-0.06303498114852624	-0.061431436087674214	0.026946942659152432	0.0030090413168375463	-0.03468983094210043	3.14	0.00028429810426660056	3.66
2018-03-31	-0.01607902561656016	-0.03558800139285667	-0.11663604953078074	0.045670508031816937	-0.030093619220313395	3.69	0.00030108796056704465	3.69
2018-04-30	0.09707645571327128	-0.04525753845546654	0.00907792366194382	-0.06303498114852624	-0.061431436087674214	3.37	0.00018667383128792743	5.29
2018-05-31	-0.07061902301768462	-0.04672208283880663	-0.11376136494740252	0.09707645571327128	-0.04525753845546654	3.66	0.0009212783246370133	4.49
2018-06-30	-0.03346554802284996	-0.02475123343298513	-0.04706789675385936	0.025064933844587637	-0.12036291748765238	3.63	0.0013068883904163368	3.63
2018-07-31	0.006545074356837377	-0.046470622130029726	0.011934348606759793	-0.04763427194160108	0.00951900014604834	3.1	0.0014544884145650274	4.5
2018-08-31	0.029687094317014995	-0.006563909103186161	-0.042306558894378184	-0.03346554802284996	-0.02475123343298513	3.49	0.0014920680163265706	4.41
2018-09-30	-0.014870461542009659	-0.01493384557858679	0.038037226252547685	0.0011642060188399304	-0.027957163256078776	3.6	0.0016581567990011713	4.41
2018-10-31	0.007118395066636806	0.0059082047703036275	-0.07259066555993487	0.007237177074308265	0.023493164923052867	3.733333333333333	0.0019204174835480035	3.48
2018-11-30	0.11870983778981048	0.05167647074126613	-0.04193913272125116	0.09171407263298126	-0.036325273297855176	3.31	0.00048769217934649454	4.82
2018-12-31	-0.02582826228854873	-0.06926933834967341	-0.005428714953257252	0.07517110943677574	0.08451275301320628	3.955	0.0010869433313469188	4.2
